Nº pieza,Denominación de pieza,Tipo de pieza,Material en bruto,Actividad,Estado de FT,Tiempo de mecanizado nominal [min],Tiempo de mecanizado real [min],Cantidad real,Peso por unidad,Anchura,Longitud,MaterialTruTops,Tipo_Material,Espesor_mm,Tiempo_unitario_real_min,bounding_box_area,aspect_ratio,perimetro_aproximado,Tiempo_unitario_nominal_min,bounding_box_area_mm2,perimetro_aproximado_mm,dim_max,dim_min,peso_kg
002009--21690,Anclaje suelo p/tirante tensor SR80 OP3,,GALVA-3,Corte Laser,Listo,12.1,14.2236,117,0.23076,85.16792,120.0,GALVA-30,GALVA,3.0,0.12156923076923076,10220.150399999999,1.4089812220375937,410.33583999999996,0.10341880341880341,10220.150399999999,410.33583999999996,120.0,85.16792,0.23076
002009--24722,Enganche a base p/lateral gondola cosmet,,GALVA-1.5,Corte Laser,Listo,12.0,18.098499999999998,102,0.26054999999999995,55.48226,400.0,GALVA-15,GALVA,1.5,0.1774362745098039,22192.904,7.209511652913923,910.96452,0.11764705882352941,22192.904,910.96452,400.0,55.48226,0.26054999999999995
002009--24722,Enganche a base p/lateral gondola cosmet,,GALVA-1.5,Plegado,Listo,50.0,38.919599999999996,102,0.26054999999999995,55.48226,400.0,GALVA-15,GALVA,1.5,0.3815647058823529,22192.904,7.209511652913923,910.96452,0.49019607843137253,22192.904,910.96452,400.0,55.48226,0.26054999999999995
002235103812R,Racimo anclaje lateral a poste P25,,GALVA-2,Corte Laser,Listo,17.7,20.066799999999997,35,0.35324999999999995,126.26071999999999,220.0,GALVA-20,GALVA,2.0,0.5733371428571428,27777.358399999997,1.7424263064554044,692.52144,0.5057142857142857,27777.358399999997,692.52144,220.0,126.26071999999999,0.35324999999999995
002235103812R,Racimo anclaje lateral a poste P25,,GALVA-2,Plegado,Listo,15.0,31.0723,30,0.35324999999999995,126.26071999999999,220.0,GALVA-20,GALVA,2.0,1.0357433333333332,27777.358399999997,1.7424263064554044,692.52144,0.5,27777.358399999997,692.52144,220.0,126.26071999999999,0.35324999999999995
002235--13323,Lateral cierre fruta 618x300 A542,,GALVA-1.5,Corte Laser,Listo,2.88,3.7441,8,2.1902999999999997,606.9780699999999,541.74014,GALVA-15,GALVA,1.5,0.4680125,328824.38461872976,1.1204229208490992,2297.43642,0.36,328824.38461872976,2297.43642,606.9780699999999,541.74014,2.1902999999999997
002716--0879,Refuerzo D100 mastil p/POS,Refuerzo,GALVA-3,Corte Laser,Listo,1.0999999999999999,1.0999999999999999,10,0.13777999999999999,97.0,97.0,GALVA-30,GALVA,3.0,0.10999999999999999,9409.0,1.0,388.0,0.10999999999999999,9409.0,388.0,97.0,97.0,0.13777999999999999
01089-0001,Soporte union 3 postes cabecera,Soporte,DD11 DEC.-3,Corte Laser,Listo,12.459999999999999,13.851899999999999,27,2.2342899999999997,122.33583999999999,860.0,St37-30,DD11 DEC.,3.0,0.5130333333333333,105208.82239999999,7.029828707597055,1964.67168,0.46148148148148144,105208.82239999999,1964.67168,860.0,122.33583999999999,2.2342899999999997
01089-0001,Soporte union 3 postes cabecera,Soporte,DD11 DEC.-3,Plegado,Listo,7.0,7.0,14,2.2342899999999997,122.33583999999999,860.0,St37-30,DD11 DEC.,3.0,0.5,105208.82239999999,7.029828707597055,1964.67168,0.5,105208.82239999999,1964.67168,860.0,122.33583999999999,2.2342899999999997
02076-1000,Armado cinta delantera 1000x500 ALU-I,Armado,GALVA-2,Corte Laser,Listo,9.899999999999999,12.503599999999999,10,7.933389999999999,730.07097,810.0,GALVA-20,GALVA,2.0,1.25036,591357.4857,1.1094811782476435,3080.14194,0.9899999999999999,591357.4857,3080.14194,810.0,730.07097,7.933389999999999
02076-1000,Armado cinta delantera 1000x500 ALU-I,Armado,GALVA-2,Corte Laser,Listo,9.899999999999999,18.705199999999998,10,7.933389999999999,730.07097,810.0,GALVA-20,GALVA,2.0,1.8705199999999997,591357.4857,1.1094811782476435,3080.14194,0.9899999999999999,591357.4857,3080.14194,810.0,730.07097,7.933389999999999
02076-1000,Armado cinta delantera 1000x500 ALU-I,Armado,GALVA-2,Plegado,Listo,5.0,11.861099999999999,10,7.933389999999999,730.07097,810.0,GALVA-20,GALVA,2.0,1.1861099999999998,591357.4857,1.1094811782476435,3080.14194,0.5,591357.4857,3080.14194,810.0,730.07097,7.933389999999999
02076-1000,Armado cinta delantera 1000x500 ALU-I,Armado,GALVA-2,Plegado,Listo,5.0,14.613199999999999,10,7.933389999999999,730.07097,810.0,GALVA-20,GALVA,2.0,1.46132,591357.4857,1.1094811782476435,3080.14194,0.5,591357.4857,3080.14194,810.0,730.07097,7.933389999999999
052009--10272,"Base cajon izda 493x348,5x46,5 p/mostr c",,GALVA-1.5,Corte Laser,Listo,2.5599999999999996,2.5599999999999996,4,2.6694,404.66792,581.56792,GALVA-15,GALVA,1.5,0.6399999999999999,235341.88052512638,1.4371485636914336,1972.4716799999999,0.6399999999999999,235341.88052512638,1972.4716799999999,581.56792,404.66792,2.6694
052009--19886,Chapa elementos electricos p/zapatero 13,Chapa,GALVA-1.5,Corte Laser,Listo,7.35,10.1558,21,2.3138699999999996,452.33583999999996,441.16792,GALVA-15,GALVA,1.5,0.48360952380952377,199556.06167425276,1.0253144426276506,1787.0075199999999,0.35,199556.06167425276,1787.0075199999999,452.33583999999996,441.16792,2.3138699999999996
052009--19886,Chapa elementos electricos p/zapatero 13,Chapa,GALVA-1.5,Plegado,Listo,10.5,56.493399999999994,21,2.3138699999999996,452.33583999999996,441.16792,GALVA-15,GALVA,1.5,2.6901619047619043,199556.06167425276,1.0253144426276506,1787.0075199999999,0.5,199556.06167425276,1787.0075199999999,452.33583999999996,441.16792,2.3138699999999996
052009--22109,Anclaje frontal madera pan blanco,,GALVA-1.5,Corte Laser,Listo,18.0,16.9879,200,0.017949999999999997,26.51327,60.0,GALVA-15,GALVA,1.5,0.0849395,1590.7962,2.263017726595022,173.02654,0.09,1590.7962,173.02654,60.0,26.51327,0.017949999999999997
052009--22109,Anclaje frontal madera pan blanco,,GALVA-1.5,Plegado,Listo,100.0,33.2187,200,0.017949999999999997,26.51327,60.0,GALVA-15,GALVA,1.5,0.1660935,1590.7962,2.263017726595022,173.02654,0.5,1590.7962,173.02654,60.0,26.51327,0.017949999999999997
052225--9066,Chapa L soporte 83x25x200 p/tape fondo,Soporte/Chapa,GALVA-1.5,Plegado,Listo,62.0,26.243499999999997,134,0.20611,83.0,222.58396,GALVA-15,GALVA,1.5,0.19584701492537313,18474.468679999998,2.6817344578313254,611.16792,0.4626865671641791,18474.468679999998,611.16792,222.58396,83.0,0.20611
052575--0975,1650403-0001-B SYM TRAV. JONCT. PIET ARR,,GALVA-2,Plegado,Listo,14.5,47.690599999999996,29,2.7839799999999997,205.64371999999997,920.2955999999999,GALVA-20,GALVA,2.0,1.644503448275862,189253.01068363196,4.475194282616557,2251.87864,0.5,189253.01068363196,2251.87864,920.2955999999999,205.64371999999997,2.7839799999999997
052575--1109,1650427-0001-A Travesaño izdo 1500 PMR,,GALVA-1.5,Corte Laser,Listo,3.19,3.19,11,0.68804,115.30928999999999,549.65465,GALVA-15,GALVA,1.5,0.29,63380.28743669849,4.766785486234457,1329.92788,0.29,63380.28743669849,1329.92788,549.65465,115.30928999999999,0.68804
10000000028,"Fijacion dcha poste a pared ""CADI""",,DD11 DEC.-3,Corte Laser,Listo,2.6999999999999997,0.8446999999999999,38,0.058839999999999996,64.0,59.169999999999995,St37-30,DD11 DEC.,3.0,0.02222894736842105,3786.8799999999997,1.0816292039885078,246.33999999999997,0.07105263157894737,3786.8799999999997,246.33999999999997,64.0,59.169999999999995,0.058839999999999996
10000000028,"Fijacion dcha poste a pared ""CADI""",,DD11 DEC.-3,Plegado,Listo,15.0,13.129299999999999,30,0.058839999999999996,64.0,59.169999999999995,St37-30,DD11 DEC.,3.0,0.4376433333333333,3786.8799999999997,1.0816292039885078,246.33999999999997,0.5,3786.8799999999997,246.33999999999997,64.0,59.169999999999995,0.058839999999999996
10000401400,Fondo lateral columna 103x400 dcho,,DD11 DEC.-1.1,Plegado,Listo,25.0,40.437599999999996,50,0.44738999999999995,134.20866999999998,448.41999999999996,St37-11,DD11 DEC.,1.1,0.8087519999999999,60181.851801399986,3.341214841038213,1165.2573399999999,0.5,60181.851801399986,1165.2573399999999,448.41999999999996,134.20866999999998,0.44738999999999995
10000401401,Fondo lateral columna 103x400 izdo,,DD11 DEC.-1.1,Corte Laser,Listo,17.0,17.0,53,0.44738999999999995,134.20866999999998,448.41733999999997,St37-11,DD11 DEC.,1.1,0.32075471698113206,60181.49480633779,3.341195021156234,1165.25202,0.32075471698113206,60181.49480633779,1165.25202,448.41733999999997,134.20866999999998,0.44738999999999995
10000401401,Fondo lateral columna 103x400 izdo,,DD11 DEC.-1.1,Plegado,Listo,25.0,50.7358,50,0.44738999999999995,134.20866999999998,448.41733999999997,St37-11,DD11 DEC.,1.1,1.014716,60181.49480633779,3.341195021156234,1165.25202,0.5,60181.49480633779,1165.25202,448.41733999999997,134.20866999999998,0.44738999999999995
10000804051,Cartela 515 recta,Cartela,DD11 DEC.-3,Corte Laser,Listo,12.09,11.8723,40,0.85625,138.0,534.0,St37-30,DD11 DEC.,3.0,0.2968075,73692.0,3.869565217391304,1344.0,0.30225,73692.0,1344.0,534.0,138.0,0.85625
10005500702,Lateral chapa dcho espejo fruteria techo,Chapa,DD11 DEC.-0.7,Corte Laser,Listo,5.0,7.1499,20,1.9582,795.38969,782.37101,St37-7,DD11 DEC.,0.7,0.357495,622289.8351088868,1.0166400337354013,3155.5213999999996,0.25,622289.8351088868,3155.5213999999996,795.38969,782.37101,1.9582
10005500703,Lateral chapa izdo espejo fruteria techo,Chapa,DD11 DEC.-0.7,Corte Laser,Listo,5.0,7.1499,20,1.9582,782.37118,795.38969,St37-7,DD11 DEC.,0.7,0.357495,622289.9703251341,1.0166398128315515,3155.52174,0.25,622289.9703251341,3155.52174,795.38969,782.37118,1.9582
10005500703,Lateral chapa izdo espejo fruteria techo,Chapa,DD11 DEC.-0.7,Plegado,Listo,10.0,0.0789,20,1.9582,782.37118,795.38969,St37-7,DD11 DEC.,0.7,0.003945,622289.9703251341,1.0166398128315515,3155.52174,0.5,622289.9703251341,3155.52174,795.38969,782.37118,1.9582
10012800016,Soporte izdo. exten. exp.columnas vertic,Soporte,DD11 DEC.-1.8,Corte Laser,Listo,0.7999999999999999,0.7999999999999999,8,0.05508999999999999,106.02123999999999,48.510619999999996,St37-18,DD11 DEC.,1.8,0.09999999999999999,5143.156085568799,2.1855263857687244,309.06372,0.09999999999999999,5143.156085568799,309.06372,106.02123999999999,48.510619999999996,0.05508999999999999
102009102442,Fondo liso decorativo 665x400 p/metacril,,DD11 DEC.-0.7,Corte Laser,Listo,20.099999999999998,31.240099999999998,39,0.48956,454.52115,701.0672999999999,St37-7,DD11 DEC.,0.7,0.801028205128205,318649.91542339494,1.54243053376064,2311.1769,0.5153846153846153,318649.91542339494,2311.1769,701.0672999999999,454.52115,0.48956
102009102442,Fondo liso decorativo 665x400 p/metacril,,DD11 DEC.-0.7,Plegado,Listo,15.0,52.8818,48,0.48956,454.52115,701.0672999999999,St37-7,DD11 DEC.,0.7,1.1017041666666667,318649.91542339494,1.54243053376064,2311.1769,0.3125,318649.91542339494,2311.1769,701.0672999999999,454.52115,0.48956
102009--12840,Chapa inferior p/ iman expositor central,Chapa,DD11 DEC.-0.9,Corte Laser,Listo,6.5,9.3613,52,0.06509999999999999,43.4867,257.37341,St37-9,DD11 DEC.,0.9,0.180025,11192.320268647,5.918439660861826,601.7202199999999,0.125,11192.320268647,601.7202199999999,257.37341,43.4867,0.06509999999999999
102009--12840,Chapa inferior p/ iman expositor central,Chapa,DD11 DEC.-0.9,Plegado,Listo,25.0,37.928999999999995,50,0.06509999999999999,43.4867,257.37341,St37-9,DD11 DEC.,0.9,0.7585799999999999,11192.320268647,5.918439660861826,601.7202199999999,0.5,11192.320268647,601.7202199999999,257.37341,43.4867,0.06509999999999999
102009--18454,Copete IZDO 500x100x20 extensible p/post,,DD11 DEC.-0.7,Corte Laser,Listo,4.0,5.5954,30,0.45198999999999995,160.55243,532.8381099999999,St37-7,DD11 DEC.,0.7,0.18651333333333334,85548.45335710728,3.318779479077333,1386.7810799999997,0.13333333333333333,85548.45335710728,1386.7810799999997,532.8381099999999,160.55243,0.45198999999999995
102009--18454,Copete IZDO 500x100x20 extensible p/post,,DD11 DEC.-0.7,Plegado,Listo,12.5,38.623,25,0.45198999999999995,160.55243,532.8381099999999,St37-7,DD11 DEC.,0.7,1.5449199999999998,85548.45335710728,3.318779479077333,1386.7810799999997,0.5,85548.45335710728,1386.7810799999997,532.8381099999999,160.55243,0.45198999999999995
102009--18455,Copete DCHO 450x100x20 extensible p/post,,DD11 DEC.-0.7,Corte Laser,Listo,3.7499999999999996,5.2455,30,0.39324,154.55243,482.83811,St37-7,DD11 DEC.,0.7,0.17485,74623.80319710729,3.1241055866931373,1274.78108,0.12499999999999999,74623.80319710729,1274.78108,482.83811,154.55243,0.39324
102009--18455,Copete DCHO 450x100x20 extensible p/post,,DD11 DEC.-0.7,Plegado,Listo,12.5,35.235499999999995,25,0.39324,154.55243,482.83811,St37-7,DD11 DEC.,0.7,1.40942,74623.80319710729,3.1241055866931373,1274.78108,0.5,74623.80319710729,1274.78108,482.83811,154.55243,0.39324
102009--18455,Copete DCHO 450x100x20 extensible p/post,,DD11 DEC.-0.7,Corte Laser,Listo,6.0,8.2953,42,0.39324,154.55243,482.83811,St37-7,DD11 DEC.,0.7,0.19750714285714283,74623.80319710729,3.1241055866931373,1274.78108,0.14285714285714285,74623.80319710729,1274.78108,482.83811,154.55243,0.39324
102009--18455,Copete DCHO 450x100x20 extensible p/post,,DD11 DEC.-0.7,Plegado,Listo,20.0,35.220299999999995,42,0.39324,154.55243,482.83811,St37-7,DD11 DEC.,0.7,0.8385785714285713,74623.80319710729,3.1241055866931373,1274.78108,0.47619047619047616,74623.80319710729,1274.78108,482.83811,154.55243,0.39324
102009--22125,Refuerzo central separador p/buch 1330 V,Refuerzo,DD11 DEC.-1.1,Corte Laser,Listo,80.24,97.6001,140,2.69698,595.4477899999999,742.58584,St37-11,DD11 DEC.,1.1,0.6971435714285714,442171.09731329355,1.2471048721164957,2676.06726,0.5731428571428571,442171.09731329355,2676.06726,742.58584,595.4477899999999,2.69698
102009--24323,Soporte fuente alimentacionTPV V5,Soporte,DD11 DEC.-0.9,Corte Laser,Listo,0.5399999999999999,0.5773999999999999,6,0.1528,105.13628,227.94512999999998,St37-9,DD11 DEC.,0.9,0.09623333333333332,23965.3030123164,2.16809202303905,666.16282,0.08999999999999998,23965.3030123164,666.16282,227.94512999999998,105.13628,0.1528
102009--24323,Soporte fuente alimentacionTPV V5,Soporte,DD11 DEC.-0.9,Plegado,Listo,3.0,19.545699999999997,6,0.1528,105.13628,227.94512999999998,St37-9,DD11 DEC.,0.9,3.257616666666666,23965.3030123164,2.16809202303905,666.16282,0.5,23965.3030123164,666.16282,227.94512999999998,105.13628,0.1528
102009--7293,Lateral derecho interior mostrador venta,,DD11 DEC.-1.1,Corte Laser,Listo,31.0,46.0333,56,4.26751,649.04779,784.1619499999999,St37-11,DD11 DEC.,1.1,0.8220232142857142,508958.5806495904,1.208172898947857,2866.4194799999996,0.5535714285714286,508958.5806495904,2866.4194799999996,784.1619499999999,649.04779,4.26751
102009--7293,Lateral derecho interior mostrador venta,,DD11 DEC.-1.1,Plegado,Interrumpido,25.0,44.711099999999995,32,4.26751,649.04779,784.1619499999999,St37-11,DD11 DEC.,1.1,1.3972218749999998,508958.5806495904,1.208172898947857,2866.4194799999996,0.78125,508958.5806495904,2866.4194799999996,784.1619499999999,649.04779,4.26751
102009--7303,Frente 620 ciego mostrador,,DD11 DEC.-1.4,Corte Laser,Listo,9.6,12.3781,20,0.5686399999999999,83.30087999999999,639.3008799999999,St37-14,DD11 DEC.,1.4,0.618905,53254.32588877439,7.674599355973189,1445.2035199999998,0.48,53254.32588877439,1445.2035199999998,639.3008799999999,83.30087999999999,0.5686399999999999
102009--7303,Frente 620 ciego mostrador,,DD11 DEC.-1.4,Plegado,Listo,10.0,34.66759999999999,20,0.5686399999999999,83.30087999999999,639.3008799999999,St37-14,DD11 DEC.,1.4,1.7333799999999997,53254.32588877439,7.674599355973189,1445.2035199999998,0.5,53254.32588877439,1445.2035199999998,639.3008799999999,83.30087999999999,0.5686399999999999
102064--1254,#3 Pestillo rilsazani p/exp bicis lineal,,DD11 DEC.-3,Corte Laser,Listo,10.299999999999999,8.9737,207,0.036329999999999994,52.599999999999994,62.0,St37-30,DD11 DEC.,3.0,0.04335120772946859,3261.2,1.1787072243346008,229.2,0.04975845410628019,3261.2,229.2,62.0,52.599999999999994,0.036329999999999994
102143--3369,Estante extensible 400/700x103 a lama p5,,DD11 DEC.-1.1,Corte Laser,Listo,0.5,0.5,9,0.48133,147.03760999999997,411.96,St37-11,DD11 DEC.,1.1,0.05555555555555555,60573.61381559999,2.801732155466891,1117.9952199999998,0.05555555555555555,60573.61381559999,1117.9952199999998,411.96,147.03760999999997,0.48133
102143--3369,Estante extensible 400/700x103 a lama p5,,DD11 DEC.-1.1,Plegado,Listo,2.5,0.0411,5,0.48133,147.03760999999997,411.96,St37-11,DD11 DEC.,1.1,0.00822,60573.61381559999,2.801732155466891,1117.9952199999998,0.5,60573.61381559999,1117.9952199999998,411.96,147.03760999999997,0.48133
102143--3370,Estante extensible 400/700x103 a lama p5,,DD11 DEC.-1.1,Corte Laser,Listo,0.5,0.5,9,0.47676999999999997,413.06194999999997,151.26999999999998,St37-11,DD11 DEC.,1.1,0.05555555555555555,62483.881176499985,2.7306270245256825,1128.6639,0.05555555555555555,62483.881176499985,1128.6639,413.06194999999997,151.26999999999998,0.47676999999999997
102143--3370,Estante extensible 400/700x103 a lama p5,,DD11 DEC.-1.1,Plegado,Listo,2.5,19.0673,9,0.47676999999999997,413.06194999999997,151.26999999999998,St37-11,DD11 DEC.,1.1,2.1185888888888886,62483.881176499985,2.7306270245256825,1128.6639,0.2777777777777778,62483.881176499985,1128.6639,413.06194999999997,151.26999999999998,0.47676999999999997
102226100799,Escuadra izda sujección frentes p/B.618,Escuadra,DD11 DEC.-1.8,Corte Laser,Listo,11.52,15.899999999999999,36,3.1456399999999998,587.46606,696.91495,St37-18,DD11 DEC.,1.8,0.44166666666666665,409413.879831597,1.1863067459590773,2568.76202,0.32,409413.879831597,2568.76202,696.91495,587.46606,3.1456399999999998
102297--1623,Refuerzo estante 1150 mel.16 larg.100X40,Refuerzo,DD11 DEC.-0.9,Corte Laser,Listo,40.599999999999994,70.0166,290,0.91567,128.40168,1032.0,St37-9,DD11 DEC.,0.9,0.24143655172413792,132510.53376,8.037278016923143,2320.80336,0.13999999999999999,132510.53376,2320.80336,1032.0,128.40168,0.91567
102297--1623,Refuerzo estante 1150 mel.16 larg.100X40,Refuerzo,DD11 DEC.-0.9,Plegado,Listo,145.0,131.52939999999998,290,0.91567,128.40168,1032.0,St37-9,DD11 DEC.,0.9,0.45354965517241375,132510.53376,8.037278016923143,2320.80336,0.5,132510.53376,2320.80336,1032.0,128.40168,0.91567
102297--1624,Refuerzo estante1000 mel.16 larg.100X40,Refuerzo,DD11 DEC.-0.9,Corte Laser,Listo,11.049999999999999,22.65,99,0.8213199999999999,128.40168,928.0,St37-9,DD11 DEC.,0.9,0.22878787878787876,119156.75904,7.227319767155695,2112.80336,0.1116161616161616,119156.75904,2112.80336,928.0,128.40168,0.8213199999999999
102297--1624,Refuerzo estante1000 mel.16 larg.100X40,Refuerzo,DD11 DEC.-0.9,Plegado,Listo,42.5,54.736999999999995,99,0.8213199999999999,128.40168,928.0,St37-9,DD11 DEC.,0.9,0.5528989898989899,119156.75904,7.227319767155695,2112.80336,0.4292929292929293,119156.75904,2112.80336,928.0,128.40168,0.8213199999999999
102297--1628,Refuerzo estante 700 mel.16 larg.100X40,Refuerzo,DD11 DEC.-0.9,Corte Laser,Listo,14.639999999999999,24.0675,122,0.5491699999999999,128.40168,628.0,St37-9,DD11 DEC.,0.9,0.19727459016393442,80636.25504,4.890901738980363,1512.8033599999999,0.12,80636.25504,1512.8033599999999,628.0,128.40168,0.5491699999999999
10700600179,"Fijacion ""L"" base a suelo",,DD11 DEC.-3,Corte Laser,Listo,48.0,82.43329999999999,627,0.07250999999999999,30.0,124.0,St37-30,DD11 DEC.,3.0,0.13147256778309407,3720.0,4.133333333333334,308.0,0.07655502392344497,3720.0,308.0,124.0,30.0,0.07250999999999999
10701100043,Estante intermedio p/base 1000x500 c/c A,,DD11 DEC.-0.9,Corte Laser,Listo,27.0,33.83,50,3.3581299999999996,542.8512599999999,881.5,St37-9,DD11 DEC.,0.9,0.6766,478523.3856899999,1.6238333866997015,2848.70252,0.54,478523.3856899999,2848.70252,881.5,542.8512599999999,3.3581299999999996
10701100043,Estante intermedio p/base 1000x500 c/c A,,DD11 DEC.-0.9,Plegado,Listo,25.0,54.4357,50,3.3581299999999996,542.8512599999999,881.5,St37-9,DD11 DEC.,0.9,1.088714,478523.3856899999,1.6238333866997015,2848.70252,0.5,478523.3856899999,2848.70252,881.5,542.8512599999999,3.3581299999999996
107803V0_E,"F-00011343 PROTECCIÓN ANTISALIDA , Ver:",,GALVA-1.5,Corte Laser,Listo,16.799999999999997,12.410699999999999,168,0.22496999999999998,67.96327,349.59999999999997,GALVA-15,GALVA,1.5,0.07387321428571428,23759.959191999995,5.143954962732075,835.12654,0.09999999999999998,23759.959191999995,835.12654,349.59999999999997,67.96327,0.22496999999999998
107804Z0_C,"V.00 F-00011346 ANTICAIDA OBJETO POLEO ,",,GALVA-1.5,Corte Laser,Listo,8.399999999999999,11.564499999999999,84,0.27168,260.0,125.21986999999999,GALVA-15,GALVA,1.5,0.13767261904761904,32557.166199999996,2.076347787296058,770.43974,0.09999999999999998,32557.166199999996,770.43974,260.0,125.21986999999999,0.27168
10780510_C,"V.01 F-00011346 ANTICAIDA OBJETO POLEO ,",,GALVA-1.5,Corte Laser,Listo,8.399999999999999,11.564499999999999,84,0.27168,260.0,125.21986999999999,GALVA-15,GALVA,1.5,0.13767261904761904,32557.166199999996,2.076347787296058,770.43974,0.09999999999999998,32557.166199999996,770.43974,260.0,125.21986999999999,0.27168
11041790,PLACA SOPORTE JARRÓN COLUMBARIO,Placa/Soporte,A-304 2B-1,Corte Laser,Listo,12.5,12.5,126,0.18003999999999998,80.0,343.0,1.4301-10,A-304 2B,1.0,0.0992063492063492,27440.0,4.2875,846.0,0.0992063492063492,27440.0,846.0,343.0,80.0,0.18003999999999998
11041800,PLACA CIERRE BASE JARRÓN,Placa,A-304 2B-1,Corte Laser,Listo,2.5,2.5,126,0.01586,43.0,47.0,1.4301-10,A-304 2B,1.0,0.01984126984126984,2021.0,1.0930232558139534,180.0,0.01984126984126984,2021.0,180.0,47.0,43.0,0.01586
111800020200_A,LATERALES BEBEDERO,,A-304 2B-2,Corte Laser,Listo,140.0,223.36649999999997,2016,0.25582,212.0,178.0,1.4301-20,A-304 2B,2.0,0.11079687499999999,37736.0,1.1910112359550562,780.0,0.06944444444444445,37736.0,780.0,212.0,178.0,0.25582
113507G0_C,"APOYO MOTOR 20-30 678X200X74, Ver: C",,DD11 DEC.-6,Corte Laser,Listo,39.599999999999994,45.7594,20,6.67887,226.39999999999998,722.8,St37-60,DD11 DEC.,6.0,2.28797,163641.91999999998,3.1925795053003534,1898.3999999999999,1.9799999999999998,163641.91999999998,1898.3999999999999,722.8,226.39999999999998,6.67887
120600M0,"322,018,01,4 BARRA APERTURA PEDALIERA B",,GALVA-4,Corte Laser,Listo,1.4,1.4,4,0.41518,106.97,451.7,GALVA-40,GALVA,4.0,0.35,48318.348999999995,4.22267925586613,1117.34,0.35,48318.348999999995,1117.34,451.7,106.97,0.41518
120600M0,"322,018,01,4 BARRA APERTURA PEDALIERA B",,GALVA-4,Plegado,Listo,2.0,13.7221,4,0.41518,106.97,451.7,GALVA-40,GALVA,4.0,3.430525,48318.348999999995,4.22267925586613,1117.34,0.5,48318.348999999995,1117.34,451.7,106.97,0.41518
120600N0,"322,030,00,2 ASTA FINERCOSA UTENZA 105",,GALVA-3,Corte Laser,Listo,0.48,0.48,4,0.08535999999999999,20.0,238.0,GALVA-30,GALVA,3.0,0.12,4760.0,11.9,516.0,0.12,4760.0,516.0,238.0,20.0,0.08535999999999999
121000S0_B,3M04822X ESTRELLA DISCO CONTAJE INOX,Arandela,A-304 2B-3,Corte Laser,Listo,15.0,4.5870999999999995,300,0.0438,56.00008999999999,53.428509999999996,1.4301-30,A-304 2B,3.0,0.015290333333333331,2992.0013685658996,1.0481312318086355,218.85719999999998,0.05,2992.0013685658996,218.85719999999998,56.00008999999999,53.428509999999996,0.0438
1238005004_A,2312_M24 SOPORTE TRASERO LASER - PINTADO,Soporte,DD11 DEC.-2,Corte Laser,Listo,0.47,0.6021,1,0.65004,195.0,290.0,St37-20,DD11 DEC.,2.0,0.6021,56550.0,1.4871794871794872,970.0,0.47,56550.0,970.0,290.0,195.0,0.65004
1238011004,999-CH-2120-A BASE SOPORTE M21724 NUEVO,Soporte,DD11 DEC.-2,Corte Laser,Listo,0.37,0.474,1,0.42849,138.5,267.0,St37-20,DD11 DEC.,2.0,0.474,36979.5,1.9277978339350181,811.0,0.37,36979.5,811.0,267.0,138.5,0.42849
164-07-1160-01-00-02,CHAPA GALVANIZADA e=3mm,Chapa,GALVA-3,Corte Laser,Listo,1.2599999999999998,1.5639999999999998,2,19.11459,655.0,1239.79576,GALVA-30,GALVA,3.0,0.7819999999999999,812066.2228,1.8928179541984733,3789.59152,0.6299999999999999,812066.2228,3789.59152,1239.79576,655.0,19.11459
164-07-1160-01-00-04,CHAPA PARA APOYO DUROGLISS BANDA,Chapa,DD11 DEC.-1.8,Corte Laser,Listo,0.26999999999999996,0.26999999999999996,3,0.10507999999999999,40.0,189.54247999999998,St37-18,DD11 DEC.,1.8,0.08999999999999998,7581.699199999999,4.738562,459.08495999999997,0.08999999999999998,7581.699199999999,459.08495999999997,189.54247999999998,40.0,0.10507999999999999
164-07-1160-02-00-03,PLACA REENVÍO,Placa,S235-JR-8,Corte Laser,Listo,4.539999999999999,6.191199999999999,2,1.8060999999999998,135.0,307.5,St37-80,S235-JR,8.0,3.0955999999999997,41512.5,2.2777777777777777,885.0,2.2699999999999996,41512.5,885.0,307.5,135.0,1.8060999999999998
164-07-1160-03-00-07,PLACA MOTRIZ,Placa,S235-JR-8,Corte Laser,Listo,4.279999999999999,7.606699999999999,2,1.9556499999999999,135.0,306.33,St37-80,S235-JR,8.0,3.8033499999999996,41354.549999999996,2.269111111111111,882.66,2.1399999999999997,41354.549999999996,882.66,306.33,135.0,1.9556499999999999
164-07-1160-03-00-08,CHAPA CIERRE MOTOTAMBOR,Chapa,DD11 DEC.-3,Corte Laser,Listo,0.19999999999999998,0.1195,2,0.07997,65.94995999999999,60.5,St37-30,DD11 DEC.,3.0,0.05975,3989.972579999999,1.0900819834710742,252.89991999999998,0.09999999999999999,3989.972579999999,252.89991999999998,65.94995999999999,60.5,0.07997
164-07-1160-06-00-01,CHAPA PARA ANCLAJE PATA LATERAL CINTA,Chapa,DD11 DEC.-4,Corte Laser,Listo,1.2,1.4331999999999998,4,0.5358799999999999,80.0,219.45044,St37-40,DD11 DEC.,4.0,0.35829999999999995,17556.0352,2.7431305,598.9008799999999,0.3,17556.0352,598.9008799999999,219.45044,80.0,0.5358799999999999
164-07-1160-06-00-02,CHAPA REFUERZO LATERAL PATA,Refuerzo/Chapa,DD11 DEC.-4,Corte Laser,Listo,0.48,0.5732999999999999,8,0.045,33.0,75.0,St37-40,DD11 DEC.,4.0,0.07166249999999999,2475.0,2.272727272727273,216.0,0.06,2475.0,216.0,75.0,33.0,0.045
180013–101–10–20,PLACA ANTIGIRO RODILLOS,Placa,A-304 LC-4,Corte Laser,Listo,84.0,104.01469999999999,120,1.0709399999999998,40.0,890.0,1.4301-40,A-304 LC,4.0,0.8667891666666666,35600.0,22.25,1860.0,0.7,35600.0,1860.0,890.0,40.0,1.0709399999999998
180013–101–10–22,PLACA ANTIGIRO RODILLOS,Placa,A-304 LC-4,Corte Laser,Listo,341.11999999999995,392.645,656,0.8005399999999999,40.0,665.0,1.4301-40,A-304 LC,4.0,0.5985442073170731,26600.0,16.625,1410.0,0.5199999999999999,26600.0,1410.0,665.0,40.0,0.8005399999999999
180013–101–10–23,PLACA ANTIGIRO RODILLOS,Placa,A-304 LC-4,Corte Laser,Listo,1.44,0.30729999999999996,6,0.34843999999999997,40.0,290.0,1.4301-40,A-304 LC,4.0,0.05121666666666666,11600.0,7.25,660.0,0.24,11600.0,660.0,290.0,40.0,0.34843999999999997
180013–101–10–24,PLACA ANTIGIRO RODILLOS,Placa,A-304 LC-4,Corte Laser,Listo,5.739999999999999,5.243499999999999,14,0.61991,40.0,515.0,1.4301-40,A-304 LC,4.0,0.37453571428571425,20600.0,12.875,1110.0,0.41,20600.0,1110.0,515.0,40.0,0.61991
180013–101–10–25,PLACA ANTIGIRO RODILLOS,Placa,A-304 LC-4,Corte Laser,Listo,3.48,4.463299999999999,6,0.8903099999999999,40.0,740.0,1.4301-40,A-304 LC,4.0,0.7438833333333332,29600.0,18.5,1560.0,0.58,29600.0,1560.0,740.0,40.0,0.8903099999999999
180013–101–10–26,PLACA ANTIGIRO RODILLOS,Placa,A-304 LC-4,Corte Laser,Listo,3.5999999999999996,1.3851,10,0.52906,40.0,440.0,1.4301-40,A-304 LC,4.0,0.13851,17600.0,11.0,960.0,0.36,17600.0,960.0,440.0,40.0,0.52906
180013–101–10–27,PLACA ANTIGIRO RODILLOS,Placa,A-304 LC-4,Corte Laser,Listo,3.48,4.4533,12,0.43928999999999996,40.0,365.0,1.4301-40,A-304 LC,4.0,0.3711083333333333,14600.0,9.125,810.0,0.29,14600.0,810.0,365.0,40.0,0.43928999999999996
180013–101–10–28,PLACA ANTIGIRO RODILLOS,Placa,A-304 LC-4,Corte Laser,Listo,0.37999999999999995,0.48779999999999996,2,0.25759,40.0,215.0,1.4301-40,A-304 LC,4.0,0.24389999999999998,8600.0,5.375,510.0,0.18999999999999997,8600.0,510.0,215.0,40.0,0.25759
180013–101–10–29,PLACA ANTIGIRO RODILLOS,Placa,A-304 LC-4,Corte Laser,Listo,0.19999999999999998,0.19999999999999998,2,0.08844999999999999,40.0,75.0,1.4301-40,A-304 LC,4.0,0.09999999999999999,3000.0,1.875,230.0,0.09999999999999999,3000.0,230.0,75.0,40.0,0.08844999999999999
180013–101–10–30,PLACA ANTIGIRO RODILLOS,Placa,A-304 LC-4,Corte Laser,Listo,1.5,1.5,2,1.1617899999999999,40.0,965.0,1.4301-40,A-304 LC,4.0,0.75,38600.0,24.125,2010.0,0.75,38600.0,2010.0,965.0,40.0,1.1617899999999999
180013–101–60B18,180013–101–60B18,,DD11 DEC.-3,Corte Laser,Listo,73.28999999999999,211.2833,349,0.07508,30.0,114.78999999999999,St37-30,DD11 DEC.,3.0,0.6053962750716332,3443.7,3.826333333333333,289.58,0.20999999999999996,3443.7,289.58,114.78999999999999,30.0,0.07508
180013–101–60B18,180013–101–60B18,,DD11 DEC.-3,Plegado,Listo,174.5,82.5051,349,0.07508,30.0,114.78999999999999,St37-30,DD11 DEC.,3.0,0.23640429799426935,3443.7,3.826333333333333,289.58,0.5,3443.7,289.58,114.78999999999999,30.0,0.07508
180013–159–43–01,SUPPORT,,A-304 LC-5,Corte Laser,Listo,0.24,0.28969999999999996,1,0.26015,80.0,89.30972999999999,1.4301-50,A-304 LC,5.0,0.28969999999999996,7144.778399999999,1.1163716249999998,338.61946,0.24,7144.778399999999,338.61946,89.30972999999999,80.0,0.26015
180013–197–10B01,180013–197–10B01,,DD11 DEC.-2,Corte Laser,Listo,16.4,87.788,165,0.04831,38.0,99.72,St37-20,DD11 DEC.,2.0,0.5320484848484849,3789.36,2.6242105263157893,275.44,0.09939393939393938,3789.36,275.44,99.72,38.0,0.04831
180013–197–10B01,180013–197–10B01,,DD11 DEC.-2,Plegado,Listo,82.0,1.4028999999999998,165,0.04831,38.0,99.72,St37-20,DD11 DEC.,2.0,0.008502424242424242,3789.36,2.6242105263157893,275.44,0.49696969696969695,3789.36,275.44,99.72,38.0,0.04831
180013–197–10B03,180013–197–10B03,,DD11 DEC.-2,Corte Laser,Listo,253.44,727.0718999999999,793,0.23084,99.72389,263.0,St37-20,DD11 DEC.,2.0,0.9168624211853719,26227.38307,2.6372817987745965,725.44778,0.3195964691046658,26227.38307,725.44778,263.0,99.72389,0.23084
180013–197–10B03,180013–197–10B03,,DD11 DEC.-2,Plegado,Listo,396.0,85.7896,792,0.23084,99.72389,263.0,St37-20,DD11 DEC.,2.0,0.10832020202020201,26227.38307,2.6372817987745965,725.44778,0.5,26227.38307,725.44778,263.0,99.72389,0.23084
180013–197–10B05,180013–197–10B05,,DD11 DEC.-2,Corte Laser,Listo,21.249999999999996,391.98639999999995,86,0.16655999999999999,99.72389,188.0,St37-20,DD11 DEC.,2.0,4.557981395348836,18748.09132,1.885205240188685,575.44778,0.24709302325581392,18748.09132,575.44778,188.0,99.72389,0.16655999999999999
180013–197–10B05,180013–197–10B05,,DD11 DEC.-2,Plegado,Listo,42.5,125.25869999999999,85,0.16655999999999999,99.72389,188.0,St37-20,DD11 DEC.,2.0,1.4736317647058823,18748.09132,1.885205240188685,575.44778,0.5,18748.09132,575.44778,188.0,99.72389,0.16655999999999999
2009103785,Soporte p/material electrico 400x300 bol,Soporte,GALVA-1.5,Corte Laser,Listo,9.35,14.018999999999998,56,2.01077,435.16792,401.75187999999997,GALVA-15,GALVA,1.5,0.2503392857142857,174829.52997568957,1.0831758148835546,1673.8395999999998,0.1669642857142857,174829.52997568957,1673.8395999999998,435.16792,401.75187999999997,2.01077
2009103785,Soporte p/material electrico 400x300 bol,Soporte,GALVA-1.5,Plegado,Listo,27.5,64.8954,56,2.01077,435.16792,401.75187999999997,GALVA-15,GALVA,1.5,1.1588464285714284,174829.52997568957,1.0831758148835546,1673.8395999999998,0.49107142857142855,174829.52997568957,1673.8395999999998,435.16792,401.75187999999997,2.01077
2009103785,Soporte p/material electrico 400x300 bol,Soporte,GALVA-1.5,Corte Laser,Listo,5.949999999999999,8.213799999999999,35,2.01077,435.16792,401.75187999999997,GALVA-15,GALVA,1.5,0.23467999999999997,174829.52997568957,1.0831758148835546,1673.8395999999998,0.16999999999999998,174829.52997568957,1673.8395999999998,435.16792,401.75187999999997,2.01077
2009103785,Soporte p/material electrico 400x300 bol,Soporte,GALVA-1.5,Plegado,Listo,17.5,77.6964,35,2.01077,435.16792,401.75187999999997,GALVA-15,GALVA,1.5,2.2198971428571426,174829.52997568957,1.0831758148835546,1673.8395999999998,0.5,174829.52997568957,1673.8395999999998,435.16792,401.75187999999997,2.01077
2060012000,1060012000-MARCO LENTE DE VIGILANCIA DE 285X140,,DD11 DEC.-0.9,Corte Laser,Listo,5.279999999999999,5.279999999999999,88,0.031749999999999994,19.08916,240.0,St37-9,DD11 DEC.,0.9,0.05999999999999999,4581.3984,12.572580459276365,518.17832,0.05999999999999999,4581.3984,518.17832,240.0,19.08916,0.031749999999999994
2060012000,1060012000-MARCO LENTE DE VIGILANCIA DE 285X140,,DD11 DEC.-0.9,Plegado,Listo,44.0,29.7856,88,0.031749999999999994,19.08916,240.0,St37-9,DD11 DEC.,0.9,0.33847272727272726,4581.3984,12.572580459276365,518.17832,0.5,4581.3984,518.17832,240.0,19.08916,0.031749999999999994
241252-105-52-01,Chapa protección acoplamiento,Chapa,A-304 2B-1.5,Corte Laser,Listo,0.13999999999999999,0.18039999999999998,2,0.15905,63.0,228.01324,1.4301-15,A-304 2B,1.5,0.09019999999999999,14364.83412,3.619257777777778,582.02648,0.06999999999999999,14364.83412,582.02648,228.01324,63.0,0.15905
27702005,27702005v04-ESCUADRA INTERIOR PORTERÍA F,Escuadra,GALVA-3,Corte Laser,Listo,10.319999999999999,12.597299999999999,24,3.9770899999999996,229.06348999999997,794.36681,GALVA-30,GALVA,3.0,0.5248875,181960.43383876688,3.4678892301867927,2046.8606,0.42999999999999994,181960.43383876688,2046.8606,794.36681,229.06348999999997,3.9770899999999996
302297101165,Enganche accesorio larguero 100x40 SR50,,DD11 DEC.-3,Corte Laser,Listo,9.0,11.697899999999999,61,0.27605999999999997,40.0,296.90664,St37-30,DD11 DEC.,3.0,0.19176885245901637,11876.265599999999,7.4226659999999995,673.81328,0.14754098360655737,11876.265599999999,673.81328,296.90664,40.0,0.27605999999999997
302297101165,Enganche accesorio larguero 100x40 SR50,,DD11 DEC.-3,Plegado,Listo,30.0,28.0418,61,0.27605999999999997,40.0,296.90664,St37-30,DD11 DEC.,3.0,0.4597016393442623,11876.265599999999,7.4226659999999995,673.81328,0.4918032786885246,11876.265599999999,673.81328,296.90664,40.0,0.27605999999999997
302830--0123,Base Pedana p/nivelador M10,,DD11 DEC.-5,Corte Laser,Listo,172.2,257.2356,1150,0.13451,60.0,60.0,St37-50,DD11 DEC.,5.0,0.22368313043478258,3600.0,1.0,240.0,0.1497391304347826,3600.0,240.0,60.0,60.0,0.13451
502000641,PIEZA PARA EXTREMO PATA,,S355-JR-15,Corte Laser,Listo,12.719999999999999,0.0426,24,0.29591999999999996,60.0,70.0,St37-150,S355-JR,15.0,0.0017749999999999999,4200.0,1.1666666666666667,260.0,0.5299999999999999,4200.0,260.0,70.0,60.0,0.29591999999999996
502000642,CHAPA SOPORTE PATA HIDRAULICA P12,Soporte/Chapa,S355-JR-8,Corte Laser,Listo,13.2,29.9986,15,1.73027,280.0,137.99999,St37-80,S355-JR,8.0,1.9999066666666667,38639.9972,2.0289856542743228,835.99998,0.88,38639.9972,835.99998,280.0,137.99999,1.73027
502000643,REFUERZO DEL SOPORTE PATAS,Refuerzo/Soporte,S355-JR-8,Corte Laser,Listo,2.7199999999999998,6.1815,16,0.21822999999999998,55.0,100.0,St37-80,S355-JR,8.0,0.38634375,5500.0,1.8181818181818181,310.0,0.16999999999999998,5500.0,310.0,100.0,55.0,0.21822999999999998
502000645,MAMELON DE APOYO,,S235-JR-10,Corte Laser,Listo,2.3099999999999996,9.442599999999999,11,0.06011,40.0,40.0,St37-100,S235-JR,10.0,0.8584181818181817,1600.0,1.0,160.0,0.20999999999999996,1600.0,160.0,40.0,40.0,0.06011
502000661,TAPA Y SOPORTE MICRO,Tapa/Soporte,DD11 DEC.-5,Corte Laser,Listo,1.3599999999999999,2.8303999999999996,8,0.18641999999999997,62.0,80.0,St37-50,DD11 DEC.,5.0,0.35379999999999995,4960.0,1.2903225806451613,284.0,0.16999999999999998,4960.0,284.0,80.0,62.0,0.18641999999999997
502000662,SOPORTE PARA MICRO,Soporte,DD11 DEC.-3,Corte Laser,Listo,0.48,0.5027999999999999,8,0.038639999999999994,30.0,58.0,St37-30,DD11 DEC.,3.0,0.06284999999999999,1740.0,1.9333333333333333,176.0,0.06,1740.0,176.0,58.0,30.0,0.038639999999999994
502000662,SOPORTE PARA MICRO,Soporte,DD11 DEC.-3,Plegado,Listo,4.0,4.1163,8,0.038639999999999994,30.0,58.0,St37-30,DD11 DEC.,3.0,0.5145375,1740.0,1.9333333333333333,176.0,0.5,1740.0,176.0,58.0,30.0,0.038639999999999994
502000986,LATERAL PATA HIDRAULICA IZQUIERDA,,DD11 DEC.-4,Corte Laser,Listo,13.68,16.500799999999998,12,6.0248099999999996,311.2256,1060.14909,St37-40,DD11 DEC.,4.0,1.3750666666666664,329945.53662470396,3.4063685313804517,2742.7493799999997,1.14,329945.53662470396,2742.7493799999997,1060.14909,311.2256,6.0248099999999996
502000986,LATERAL PATA HIDRAULICA IZQUIERDA,,DD11 DEC.-4,Plegado,Listo,6.0,10.0977,12,6.0248099999999996,311.2256,1060.14909,St37-40,DD11 DEC.,4.0,0.841475,329945.53662470396,3.4063685313804517,2742.7493799999997,0.5,329945.53662470396,2742.7493799999997,1060.14909,311.2256,6.0248099999999996
502000987,LATERAL PATA HIDRAULICA DERECHA,,DD11 DEC.-4,Corte Laser,Listo,14.04,16.743699999999997,13,6.028759999999999,311.2256,1060.14908,St37-40,DD11 DEC.,4.0,1.287976923076923,329945.53351244796,3.4063684992494188,2742.74936,1.0799999999999998,329945.53351244796,2742.74936,1060.14908,311.2256,6.028759999999999
502000987,LATERAL PATA HIDRAULICA DERECHA,,DD11 DEC.-4,Plegado,Listo,6.5,17.1086,13,6.028759999999999,311.2256,1060.14908,St37-40,DD11 DEC.,4.0,1.3160461538461539,329945.53351244796,3.4063684992494188,2742.74936,0.5,329945.53351244796,2742.74936,1060.14908,311.2256,6.028759999999999
502001306,ARANDELA CALCE SOPORTE GIRO,Soporte,S235-JR-10,Corte Laser,Listo,5.289999999999999,21.6239,23,0.1156,50.0,50.0,St37-100,S235-JR,10.0,0.9401695652173913,2500.0,1.0,200.0,0.22999999999999995,2500.0,200.0,50.0,50.0,0.1156
502002160,BASE SUJECCION SOPORTE BRAZO CESTA,Soporte,S235-JR-8,Corte Laser,Listo,3.48,5.493799999999999,6,0.45276999999999995,130.0,65.0,St37-80,S235-JR,8.0,0.9156333333333332,8450.0,2.0,390.0,0.58,8450.0,390.0,130.0,65.0,0.45276999999999995
502002161,SOPORTE GUIA DEL BRAZO CESTA,Soporte,DD11 DEC.-4,Corte Laser,Listo,2.5199999999999996,2.0189,7,0.7049799999999999,140.14174999999997,164.0,St37-40,DD11 DEC.,4.0,0.2884142857142857,22983.246999999996,1.170243699682643,608.2835,0.35999999999999993,22983.246999999996,608.2835,164.0,140.14174999999997,0.7049799999999999
502002161,SOPORTE GUIA DEL BRAZO CESTA,Soporte,DD11 DEC.-4,Plegado,Listo,3.0,12.506599999999999,6,0.7049799999999999,140.14174999999997,164.0,St37-40,DD11 DEC.,4.0,2.084433333333333,22983.246999999996,1.170243699682643,608.2835,0.5,22983.246999999996,608.2835,164.0,140.14174999999997,0.7049799999999999
502002219,SOPORTE BRIDA SUJECCION BRAZO CESTA,Soporte,DD11 DEC.-6,Corte Laser,Listo,1.5599999999999998,1.8011,6,0.50105,168.0,65.0,St37-60,DD11 DEC.,6.0,0.3001833333333333,10920.0,2.5846153846153848,466.0,0.25999999999999995,10920.0,466.0,168.0,65.0,0.50105
502002220,REFUERZO SOPORTE GUIA BRAZO CESTA,Refuerzo/Soporte,DD11 DEC.-6,Corte Laser,Listo,1.68,1.9397,6,0.51521,125.0,132.66026,St37-60,DD11 DEC.,6.0,0.3232833333333333,16582.532499999998,1.06128208,515.32052,0.27999999999999997,16582.532499999998,515.32052,132.66026,125.0,0.51521
502002384,CHAPA SOPORTE PATA HIDRAULICA,Soporte/Chapa,S355-JR-8,Corte Laser,Listo,3.76,8.545,8,1.88444,200.0,155.0,St37-80,S355-JR,8.0,1.068125,31000.0,1.2903225806451613,710.0,0.47,31000.0,710.0,200.0,155.0,1.88444
502003206,BRIDA BULON ANTIGIRO,Brida,S355-JR-5,Corte Laser,Listo,0.85,2.4789,5,0.10694,89.0,52.0,St37-50,S355-JR,5.0,0.49578,4628.0,1.7115384615384615,282.0,0.16999999999999998,4628.0,282.0,89.0,52.0,0.10694
920850073510,Placa union guia T89 tipo Z,Placa,DD11 DEC.-6,Corte Laser,Listo,1080.0,1284.6822,2000,2.0012999999999996,143.2,305.0,St37-60,DD11 DEC.,6.0,0.6423411,43676.0,2.129888268156425,896.4,0.54,43676.0,896.4,305.0,143.2,2.0012999999999996
922010879,CHAPA LISA 200 x 30 x e= 3mm,Chapa,GALVA-3,Corte Laser,Listo,1.5999999999999999,1.8545999999999998,20,0.13929999999999998,30.0,200.0,GALVA-30,GALVA,3.0,0.09272999999999999,6000.0,6.666666666666667,460.0,0.07999999999999999,6000.0,460.0,200.0,30.0,0.13929999999999998
922040358,CHAPA PLEGADA 40.130.40 x 950 x e= 4 mm,Chapa,GALVA-4,Corte Laser,Listo,9.12,5.866099999999999,12,5.75962,195.33424,950.0,GALVA-40,GALVA,4.0,0.4888416666666666,185567.528,4.863458654253345,2290.66848,0.7599999999999999,185567.528,2290.66848,950.0,195.33424,5.75962
922040358,CHAPA PLEGADA 40.130.40 x 950 x e= 4 mm,Chapa,GALVA-4,Plegado,Listo,6.0,12.6291,12,5.75962,195.33424,950.0,GALVA-40,GALVA,4.0,1.052425,185567.528,4.863458654253345,2290.66848,0.5,185567.528,2290.66848,950.0,195.33424,5.75962
923010804,CHAPA LISA 55 x 20 x e= 8 MM 2 x M5,Chapa,A-316 LC-8,Corte Laser,Listo,18.0,18.0,100,0.06907999999999999,20.0,55.0,1.4301-80,A-316 LC,8.0,0.18,1100.0,2.75,150.0,0.18,1100.0,150.0,55.0,20.0,0.06907999999999999
923010865,,Soporte,A-316 LC-8,Corte Laser,Listo,15.0,15.0,100,0.05024,20.0,40.0,1.4301-80,A-316 LC,8.0,0.15,800.0,2.0,120.0,0.15,800.0,120.0,40.0,20.0,0.05024
923010866,,,A-316 LC-8,Corte Laser,Listo,16.0,16.0,100,0.056519999999999994,20.0,45.0,1.4301-80,A-316 LC,8.0,0.16,900.0,2.25,130.0,0.16,900.0,130.0,45.0,20.0,0.056519999999999994
923010867,,,A-316 LC-8,Corte Laser,Listo,19.0,19.0,100,0.07536,20.0,60.0,1.4301-80,A-316 LC,8.0,0.19,1200.0,3.0,160.0,0.19,1200.0,160.0,60.0,20.0,0.07536
BRH3000205_GAL_A_1,BRH3000205_GAL_A,,GALVA-3,Corte Laser,Listo,0.5,0.6205999999999999,2,0.8852599999999999,152.0,274.53999999999996,GALVA-30,GALVA,3.0,0.31029999999999996,41730.079999999994,1.8061842105263155,853.0799999999999,0.25,41730.079999999994,853.0799999999999,274.53999999999996,152.0,0.8852599999999999
BRH3000205_GAL_A_1,BRH3000205_GAL_A,,GALVA-3,Plegado,Listo,1.0,1.0,2,0.8852599999999999,152.0,274.53999999999996,GALVA-30,GALVA,3.0,0.5,41730.079999999994,1.8061842105263155,853.0799999999999,0.5,41730.079999999994,853.0799999999999,274.53999999999996,152.0,0.8852599999999999
BRH3000205_GAL_A_2,BRH3000205_GAL_A,,GALVA-3,Corte Laser,Listo,0.5199999999999999,0.6455,2,0.73142,135.21227,292.46999999999997,GALVA-30,GALVA,3.0,0.32275,39545.53260689999,2.163043339188078,855.3645399999999,0.25999999999999995,39545.53260689999,855.3645399999999,292.46999999999997,135.21227,0.73142
BRH3000205_GAL_A_2,BRH3000205_GAL_A,,GALVA-3,Plegado,Listo,1.0,1.0,2,0.73142,135.21227,292.46999999999997,GALVA-30,GALVA,3.0,0.5,39545.53260689999,2.163043339188078,855.3645399999999,0.5,39545.53260689999,855.3645399999999,292.46999999999997,135.21227,0.73142
CHMLED4CIN3X3,3X3_01-CHASIS CABINET 3x3 mod P3 4 ESQ,,DD11 DEC.-1.4,Corte Laser,Listo,15.049999999999999,33.333,5,3.2354999999999996,671.4977899999999,819.0,St37-14,DD11 DEC.,1.4,6.6666,549956.6900099999,1.2196614973222772,2980.99558,3.01,549956.6900099999,2980.99558,819.0,671.4977899999999,3.2354999999999996
CHMLED4CIN3X3,3X3_01-CHASIS CABINET 3x3 mod P3 4 ESQ,,DD11 DEC.-1.4,Plegado,Listo,2.5,19.1069,5,3.2354999999999996,671.4977899999999,819.0,St37-14,DD11 DEC.,1.4,3.82138,549956.6900099999,1.2196614973222772,2980.99558,0.5,549956.6900099999,2980.99558,819.0,671.4977899999999,3.2354999999999996
CHMLED4CIN5X2_01,CF_CJTO_5X2_01,,DD11 DEC.-1.4,Corte Laser,Listo,10.7,10.7,5,3.3717099999999998,479.26216999999997,1197.52434,St37-14,DD11 DEC.,1.4,2.1399999999999997,573928.1138162178,2.4986832154935157,3353.57302,2.1399999999999997,573928.1138162178,3353.57302,1197.52434,479.26216999999997,3.3717099999999998
CHMLED4CIN5X2_01,CF_CJTO_5X2_01,,DD11 DEC.-1.4,Plegado,Listo,2.5,26.740499999999997,5,3.3717099999999998,479.26216999999997,1197.52434,St37-14,DD11 DEC.,1.4,5.3481,573928.1138162178,2.4986832154935157,3353.57302,0.5,573928.1138162178,3353.57302,1197.52434,479.26216999999997,3.3717099999999998
CHMLED4CIN5X2_02,,,DD11 DEC.-1.4,Corte Laser,Listo,5.0,5.0,10,0.018539999999999997,30.0,60.0,St37-14,DD11 DEC.,1.4,0.5,1800.0,2.0,180.0,0.5,1800.0,180.0,60.0,30.0,0.018539999999999997
k01h00755865,K01H00755865,,S355-MC-4,Corte Laser,Listo,354.96,166.96669999999997,5104,1.02552,96.0,342.24999999999994,St37-40,S355-MC,4.0,0.03271291144200626,32855.99999999999,3.565104166666666,876.4999999999999,0.06954545454545454,32855.99999999999,876.4999999999999,342.24999999999994,96.0,1.02552
LV131,Placa 430x430x12,Placa,S235-JR-12,Corte Laser,Listo,7.8,14.614999999999998,4,17.15403,430.0,430.0,St37-120,S235-JR,12.0,3.6537499999999996,184900.0,1.0,1720.0,1.95,184900.0,1720.0,430.0,430.0,17.15403
LV260,Orejeta 100x80x5,Orejeta,DD11 DEC.-5,Corte Laser,Listo,2.0,20.1403,10,0.30800999999999995,80.0,100.0,St37-50,DD11 DEC.,5.0,2.01403,8000.0,1.25,360.0,0.2,8000.0,360.0,100.0,80.0,0.30800999999999995
LV288,Placa 430x430x3,Placa,DD11 DEC.-3,Corte Laser,Listo,1.3599999999999999,0.8126,4,4.300549999999999,430.0,430.0,St37-30,DD11 DEC.,3.0,0.20315,184900.0,1.0,1720.0,0.33999999999999997,184900.0,1720.0,430.0,430.0,4.300549999999999
LV326,Pletina calce 90x50x3 para modica,Pletina,DD11 DEC.-3,Corte Laser,Listo,0.7999999999999999,0.9098999999999999,20,0.10597999999999999,50.0,90.0,St37-30,DD11 DEC.,3.0,0.045494999999999994,4500.0,1.8,280.0,0.039999999999999994,4500.0,280.0,90.0,50.0,0.10597999999999999
LV337,Placa fijacion brazo,Placa,S235-JR-8,Corte Laser,Listo,8.2,12.918199999999999,10,3.0767599999999997,200.0,250.0,St37-80,S235-JR,8.0,1.29182,50000.0,1.25,900.0,0.82,50000.0,900.0,250.0,200.0,3.0767599999999997
LV338,Placa union poste brazo,Placa,S235-JR-8,Corte Laser,Listo,4.84,6.1427,4,7.06258,250.0,456.0,St37-80,S235-JR,8.0,1.535675,114000.0,1.824,1412.0,1.21,114000.0,1412.0,456.0,250.0,7.06258
MA002943,Angular 40,Escuadra,DD11 DEC.-4,Corte Laser,Listo,11.219999999999999,10.819299999999998,102,0.0875,40.0,72.66999999999999,St37-40,DD11 DEC.,4.0,0.10607156862745097,2906.7999999999993,1.8167499999999996,225.33999999999997,0.10999999999999999,2906.7999999999993,225.33999999999997,72.66999999999999,40.0,0.0875
MA002943,Angular 40,Escuadra,DD11 DEC.-4,Plegado,Listo,50.0,0.9277,100,0.0875,40.0,72.66999999999999,St37-40,DD11 DEC.,4.0,0.009277,2906.7999999999993,1.8167499999999996,225.33999999999997,0.5,2906.7999999999993,225.33999999999997,72.66999999999999,40.0,0.0875
MA003193,Union Mod.01 - 51 mm,,A-304 LC-8,Corte Laser,Listo,5.0,5.0,10,0.19285,75.0,107.0,1.4301-80,A-304 LC,8.0,0.5,8025.0,1.4266666666666667,364.0,0.5,8025.0,364.0,107.0,75.0,0.19285
MA003369,"Arandela Métrica 225, Interior 25 en cha",Arandela,S235-JR-10,Corte Laser,Listo,11.2,19.4672,20,3.08269,225.0,225.0,St37-100,S235-JR,10.0,0.9733599999999999,50625.0,1.0,900.0,0.5599999999999999,50625.0,900.0,225.0,225.0,3.08269
MA005343,U gondola intradema L240-2Per,,DD11 DEC.-1.4,Corte Laser,Listo,10.079999999999998,14.2137,144,0.08846,34.0,240.0,St37-14,DD11 DEC.,1.4,0.09870625,8160.0,7.0588235294117645,548.0,0.06999999999999999,8160.0,548.0,240.0,34.0,0.08846
MA005343,U gondola intradema L240-2Per,,DD11 DEC.-1.4,Plegado,Listo,72.0,44.90989999999999,144,0.08846,34.0,240.0,St37-14,DD11 DEC.,1.4,0.3118743055555555,8160.0,7.0588235294117645,548.0,0.5,8160.0,548.0,240.0,34.0,0.08846
MA005344,U gondola intradema L600-5Per,,DD11 DEC.-1.4,Corte Laser,Listo,4.079999999999999,5.6647,24,0.22116999999999998,34.0,600.0,St37-14,DD11 DEC.,1.4,0.23602916666666665,20400.0,17.647058823529413,1268.0,0.16999999999999996,20400.0,1268.0,600.0,34.0,0.22116999999999998
MA005344,U gondola intradema L600-5Per,,DD11 DEC.-1.4,Plegado,Listo,12.0,7.477799999999999,24,0.22116999999999998,34.0,600.0,St37-14,DD11 DEC.,1.4,0.311575,20400.0,17.647058823529413,1268.0,0.5,20400.0,1268.0,600.0,34.0,0.22116999999999998
MA005345,U gondola intradema L25-1Per,,DD11 DEC.-1.4,Corte Laser,Listo,1.44,2.0433999999999997,48,0.00862,34.0,25.0,St37-14,DD11 DEC.,1.4,0.04257083333333333,850.0,1.36,118.0,0.03,850.0,118.0,34.0,25.0,0.00862
MA005345,U gondola intradema L25-1Per,,DD11 DEC.-1.4,Plegado,Listo,24.0,10.582999999999998,48,0.00862,34.0,25.0,St37-14,DD11 DEC.,1.4,0.22047916666666664,850.0,1.36,118.0,0.5,850.0,118.0,34.0,25.0,0.00862
MA005784,"Unión Mod.01-63,5mm",,A-304 LC-6,Corte Laser,Listo,3.6999999999999997,3.6999999999999997,10,0.17593999999999999,86.38704,125.0,1.4301-60,A-304 LC,6.0,0.37,10798.38,1.446976305705115,422.77408,0.37,10798.38,422.77408,125.0,86.38704,0.17593999999999999
MA006150,U gondola intradema L610-4Per,,DD11 DEC.-1.4,Corte Laser,Listo,10.799999999999999,14.3331,72,0.22541,34.03377,610.0280499999999,St37-14,DD11 DEC.,1.4,0.19907083333333334,20761.554347248493,17.92419852399543,1288.1236399999998,0.15,20761.554347248493,1288.1236399999998,610.0280499999999,34.03377,0.22541
MA006150,U gondola intradema L610-4Per,,DD11 DEC.-1.4,Plegado,Listo,36.0,18.485899999999997,72,0.22541,34.03377,610.0280499999999,St37-14,DD11 DEC.,1.4,0.2567486111111111,20761.554347248493,17.92419852399543,1288.1236399999998,0.5,20761.554347248493,1288.1236399999998,610.0280499999999,34.03377,0.22541
MA006633,"Angular 25x25 espesor 1,5 mm Long 1615",Escuadra,GALVA-1.5,Corte Laser,Listo,1.2,1.6923,8,0.8997299999999999,47.312999999999995,1615.0,GALVA-15,GALVA,1.5,0.2115375,76410.495,34.13438167099952,3324.626,0.15,76410.495,3324.626,1615.0,47.312999999999995,0.8997299999999999
MA006633,"Angular 25x25 espesor 1,5 mm Long 1615",Escuadra,GALVA-1.5,Plegado,Listo,4.0,11.6831,8,0.8997299999999999,47.312999999999995,1615.0,GALVA-15,GALVA,1.5,1.4603875,76410.495,34.13438167099952,3324.626,0.5,76410.495,3324.626,1615.0,47.312999999999995,0.8997299999999999
MA006659,Placa identificación cesta inox,Placa,A-304 PUL.-1.5,Corte Laser,Listo,0.84,0.84,15,0.01052,20.0,46.0,1.4301-15,A-304 PUL.,1.5,0.056,920.0,2.3,132.0,0.056,920.0,132.0,46.0,20.0,0.01052
MA006831,Junta colectores bmw e36,,A-304 LC-12,Corte Laser,Listo,28.259999999999998,28.259999999999998,6,0.7916799999999999,51.0,264.0,1.4301-120,A-304 LC,12.0,4.71,13464.0,5.176470588235294,630.0,4.71,13464.0,630.0,264.0,51.0,0.7916799999999999
MA006873,Angular 25x25 Long 2140,Escuadra,GALVA-1.5,Corte Laser,Listo,0.84,1.1845999999999999,4,1.1922199999999998,47.312999999999995,2140.0,GALVA-15,GALVA,1.5,0.29614999999999997,101249.81999999999,45.23069769407986,4374.626,0.21,101249.81999999999,4374.626,2140.0,47.312999999999995,1.1922199999999998
MA006873,Angular 25x25 Long 2140,Escuadra,GALVA-1.5,Plegado,Listo,2.0,1.648,4,1.1922199999999998,47.312999999999995,2140.0,GALVA-15,GALVA,1.5,0.412,101249.81999999999,45.23069769407986,4374.626,0.5,101249.81999999999,4374.626,2140.0,47.312999999999995,1.1922199999999998
MA007279,"Union Mod.01 - 63,5 mm",,A-304 LC-8,Corte Laser,Listo,5.0,5.0,10,0.23456999999999997,86.38704,125.0,1.4301-80,A-304 LC,8.0,0.5,10798.38,1.446976305705115,422.77408,0.5,10798.38,422.77408,125.0,86.38704,0.23456999999999997
MA007281,"Union Mod.01 - 60,5 mm",,A-304 LC-8,Corte Laser,Listo,5.0,5.0,10,0.24961999999999998,86.42867,128.45999999999998,1.4301-80,A-304 LC,8.0,0.5,11102.626948199997,1.4863123544536783,429.77734,0.5,11102.626948199997,429.77734,128.45999999999998,86.42867,0.24961999999999998
MA007283,"Union Mod.01 - 53,5 mm",,A-304 LC-8,Corte Laser,Listo,3.0,3.0,6,0.17997,75.0,107.0,1.4301-80,A-304 LC,8.0,0.5,8025.0,1.4266666666666667,364.0,0.5,8025.0,364.0,107.0,75.0,0.17997
MA007432,U Intradema cerrada largo 397 4T,,DD11 DEC.-1.4,Corte Laser,Listo,1.0,1.9047999999999998,10,0.38295999999999997,88.0,397.0,St37-14,DD11 DEC.,1.4,0.19047999999999998,34936.0,4.511363636363637,970.0,0.1,34936.0,970.0,397.0,88.0,0.38295999999999997
MA007432,U Intradema cerrada largo 397 4T,,DD11 DEC.-1.4,Plegado,Listo,5.0,30.6196,10,0.38295999999999997,88.0,397.0,St37-14,DD11 DEC.,1.4,3.06196,34936.0,4.511363636363637,970.0,0.5,34936.0,970.0,397.0,88.0,0.38295999999999997
MA007603_01,,,DD11 DEC.-5,Corte Laser,Listo,0.12999999999999998,1.3091,1,0.29629,86.45808,117.94923999999999,St37-50,DD11 DEC.,5.0,1.3091,10197.664827859198,1.3642361708703223,408.81463999999994,0.12999999999999998,10197.664827859198,408.81463999999994,117.94923999999999,86.45808,0.29629
MA007603_01,,,DD11 DEC.-5,Corte Laser,Listo,0.12999999999999998,1.3091,1,0.29629,86.45808,117.94923999999999,St37-50,DD11 DEC.,5.0,1.3091,10197.664827859198,1.3642361708703223,408.81463999999994,0.12999999999999998,10197.664827859198,408.81463999999994,117.94923999999999,86.45808,0.29629
MA007603_2,,,DD11 DEC.-1.8,Corte Laser,Listo,0.12999999999999998,0.12999999999999998,1,0.06366999999999999,86.45808,117.94923999999999,St37-18,DD11 DEC.,1.8,0.12999999999999998,10197.664827859198,1.3642361708703223,408.81463999999994,0.12999999999999998,10197.664827859198,408.81463999999994,117.94923999999999,86.45808,0.06366999999999999
MA007604_02,,,DD11 DEC.-1.8,Corte Laser,Listo,0.13999999999999999,0.13999999999999999,1,0.06427,86.45808,117.94923999999999,St37-18,DD11 DEC.,1.8,0.13999999999999999,10197.664827859198,1.3642361708703223,408.81463999999994,0.13999999999999999,10197.664827859198,408.81463999999994,117.94923999999999,86.45808,0.06427
MA007616,6422_0401,,A-304 LC-4,Corte Laser,Listo,0.7799999999999999,0.7799999999999999,3,1.48301,265.0,265.0,1.4301-40,A-304 LC,4.0,0.25999999999999995,70225.0,1.0,1060.0,0.25999999999999995,70225.0,1060.0,265.0,265.0,1.48301
MA007617,Rejillas Degeo 2_1,,GALVA-2,Corte Laser,Listo,8.36,8.36,2,1.99742,200.0,850.0,GALVA-20,GALVA,2.0,4.18,170000.0,4.25,2100.0,4.18,170000.0,2100.0,850.0,200.0,1.99742
MA007618,Rejillas Degeo 2_2,,GALVA-2,Corte Laser,Listo,48.23,48.23,1,14.121289999999998,560.0,2470.0,GALVA-20,GALVA,2.0,48.23,1383200.0,4.410714285714286,6060.0,48.23,1383200.0,6060.0,2470.0,560.0,14.121289999999998
MA007620,Placa rueda 140x110,Placa,S235-JR-8,Corte Laser,Listo,2.7499999999999996,4.3324,5,0.9378599999999999,140.0,110.0,St37-80,S235-JR,8.0,0.8664799999999999,15400.0,1.2727272727272727,500.0,0.5499999999999999,15400.0,500.0,140.0,110.0,0.9378599999999999
MA007623,Bandeja aluminio 1000x800 pestaña 25,Bandeja,AlMg3-15,Plegado,Listo,2.5,10.969399999999998,5,3.54839,847.2399999999999,1044.4799999999998,AlMg3-15,AlMg3,1.5,2.1938799999999996,884925.2351999998,1.2328029838062413,3783.4399999999996,0.5,884925.2351999998,3783.4399999999996,1044.4799999999998,847.2399999999999,3.54839
MA007624,61SUTCDD21GR (065-21)_PTA_20160413,,AlMg3-60,Corte Laser,Listo,4.3999999999999995,4.3999999999999995,11,0.07951,60.0,210.0,AlMg3-60,AlMg3,6.0,0.39999999999999997,12600.0,3.5,540.0,0.39999999999999997,12600.0,540.0,210.0,60.0,0.07951
MA007626,Angular 40x30 derecho,Escuadra,DD11 DEC.-4,Corte Laser,Listo,0.19999999999999998,0.23659999999999998,1,0.3873,63.0,200.0,St37-40,DD11 DEC.,4.0,0.23659999999999998,12600.0,3.1746031746031744,526.0,0.19999999999999998,12600.0,526.0,200.0,63.0,0.3873
MA007626,Angular 40x30 derecho,Escuadra,DD11 DEC.-4,Plegado,Listo,0.5,1.9606999999999999,1,0.3873,63.0,200.0,St37-40,DD11 DEC.,4.0,1.9606999999999999,12600.0,3.1746031746031744,526.0,0.5,12600.0,526.0,200.0,63.0,0.3873
MA007627,Angular cornisa,Escuadra,DD11 DEC.-4,Corte Laser,Listo,0.39999999999999997,0.4733,2,0.45009999999999994,73.0,200.0,St37-40,DD11 DEC.,4.0,0.23665,14600.0,2.73972602739726,546.0,0.19999999999999998,14600.0,546.0,200.0,73.0,0.45009999999999994
MA007627,Angular cornisa,Escuadra,DD11 DEC.-4,Plegado,Listo,1.0,6.575799999999999,2,0.45009999999999994,73.0,200.0,St37-40,DD11 DEC.,4.0,3.2878999999999996,14600.0,2.73972602739726,546.0,0.5,14600.0,546.0,200.0,73.0,0.45009999999999994
MA007628,Angular 40x30 izquierdo,Escuadra,DD11 DEC.-4,Corte Laser,Listo,0.19999999999999998,0.23659999999999998,1,0.3873,63.0,200.0,St37-40,DD11 DEC.,4.0,0.23659999999999998,12600.0,3.1746031746031744,526.0,0.19999999999999998,12600.0,526.0,200.0,63.0,0.3873
MA007629,"Chapa galvanizada 0,6 1494x1490",Chapa,GALVA-0.6,Corte Laser,Listo,0.43999999999999995,1.4341,2,10.48313,1490.0,1494.0,GALVA-6,GALVA,0.6,0.71705,2226060.0,1.0026845637583892,5968.0,0.21999999999999997,2226060.0,5968.0,1494.0,1490.0,10.48313
MA007631,"Chapa galvanizada 0,6 1978x1490",Chapa,GALVA-0.6,Corte Laser,En ejecución,1.1199999999999999,1.2832999999999999,1,13.52126,1490.0,1978.0,GALVA-6,GALVA,0.6,1.2832999999999999,2947220.0,1.32751677852349,6936.0,1.1199999999999999,2947220.0,6936.0,1978.0,1490.0,13.52126
MA007632,"Chapa galvanizada 0,6 1496x1490 rueda",Chapa,GALVA-0.6,Corte Laser,Listo,0.45999999999999996,1.4992999999999999,2,10.319349999999998,1490.0,1496.0,GALVA-6,GALVA,0.6,0.7496499999999999,2229040.0,1.0040268456375838,5972.0,0.22999999999999998,2229040.0,5972.0,1496.0,1490.0,10.319349999999998
MA007633,"Chapa galvanizada 0,6 1460x1230",Chapa,GALVA-0.6,Corte Laser,Listo,0.7999999999999999,2.5833999999999997,4,8.4566,1230.0,1460.0,GALVA-6,GALVA,0.6,0.6458499999999999,1795800.0,1.1869918699186992,5380.0,0.19999999999999998,1795800.0,5380.0,1460.0,1230.0,8.4566
MA007634,Chapa galvanizada lateral tejado,Chapa,GALVA-0.6,Corte Laser,Interrumpido,0.96,1.5499999999999998,2,2.1389799999999997,213.15338,2990.0,GALVA-6,GALVA,0.6,0.7749999999999999,637328.6062,14.027457598842673,6406.30676,0.48,637328.6062,6406.30676,2990.0,213.15338,2.1389799999999997
MA007635,Escuadra Amaro,Escuadra,GALVA-1,Corte Laser,Listo,10.0,14.6145,252,0.018539999999999997,40.0,60.026999999999994,GALVA-10,GALVA,1.0,0.05799404761904762,2401.08,1.5006749999999998,200.05399999999997,0.03968253968253968,2401.08,200.05399999999997,60.026999999999994,40.0,0.018539999999999997
MA007635,Escuadra Amaro,Escuadra,GALVA-1,Plegado,Listo,125.0,39.75129999999999,252,0.018539999999999997,40.0,60.026999999999994,GALVA-10,GALVA,1.0,0.15774325396825395,2401.08,1.5006749999999998,200.05399999999997,0.49603174603174605,2401.08,200.05399999999997,60.026999999999994,40.0,0.018539999999999997
MA007636,Chapa ganchos Yudigar,Chapa,DD11 DEC.-3,Corte Laser,Listo,75.0,75.0,150,0.13043,75.0,75.0,St37-30,DD11 DEC.,3.0,0.5,5625.0,1.0,300.0,0.5,5625.0,300.0,75.0,75.0,0.13043
MA007637,123401G0 - 07688 - SATINADO - LASER_Posi,,A-304 ESM180-3,Corte Laser,Listo,0.48,0.48,1,4.048229999999999,400.0,430.0,1.4301-30,A-304 ESM180,3.0,0.48,172000.0,1.075,1660.0,0.48,172000.0,1660.0,430.0,400.0,4.048229999999999
MA007638,05976B OP-19496_Posicion 6,,S355-JR-6,Corte Laser,Listo,1.0399999999999998,2.6012,4,0.44444999999999996,50.0,190.0,St37-60,S355-JR,6.0,0.6503,9500.0,3.8,480.0,0.25999999999999995,9500.0,480.0,190.0,50.0,0.44444999999999996
MA007638,05976B OP-19496_Posicion 6,,S355-JR-6,Plegado,Listo,2.0,11.609699999999998,4,0.44444999999999996,50.0,190.0,St37-60,S355-JR,6.0,2.9024249999999996,9500.0,3.8,480.0,0.5,9500.0,480.0,190.0,50.0,0.44444999999999996
MA007640,05974B - OP 19496_Posicion 2,,DD11 DEC.-3,Corte Laser,Listo,0.95,1.1547999999999998,1,17.794449999999998,1020.0,1160.0,St37-30,DD11 DEC.,3.0,1.1547999999999998,1183200.0,1.1372549019607843,4360.0,0.95,1183200.0,4360.0,1160.0,1020.0,17.794449999999998
MA007641,08063 OP-19496 laser_Posicion 6 SOLO COR,,A-304 ESM180-3,Corte Laser,Listo,5.76,5.76,6,2.99245,60.0,2120.0,1.4301-30,A-304 ESM180,3.0,0.96,127200.0,35.333333333333336,4360.0,0.96,127200.0,4360.0,2120.0,60.0,2.99245
MA007643,08063 OP-19496 laser_Posicion 11,,A-304 LC-6,Corte Laser,Listo,0.26999999999999996,0.26999999999999996,1,0.25233999999999995,180.0,30.0,1.4301-60,A-304 LC,6.0,0.26999999999999996,5400.0,6.0,420.0,0.26999999999999996,5400.0,420.0,180.0,30.0,0.25233999999999995
MA007644,02642A OP-19496_Posicion_6,,DD11 DEC.-2,Corte Laser,Listo,0.43,0.5509,1,1.77901,436.08612999999997,534.6355599999999,St37-20,DD11 DEC.,2.0,0.5509,233147.15232078277,1.2259861601193323,1941.4433799999997,0.43,233147.15232078277,1941.4433799999997,534.6355599999999,436.08612999999997,1.77901
MA007645,05974B - OP 19496_Posicion 4,,DD11 DEC.-3,Corte Laser,Listo,2.67,11.1305,1,43.785509999999995,2060.0,1090.0,St37-30,DD11 DEC.,3.0,11.1305,2245400.0,1.889908256880734,6300.0,2.67,2245400.0,6300.0,2060.0,1090.0,43.785509999999995
MA007646,08063 OP-19496 laser_Posicion 5 SOLO COR,,A-304 ESM180-3,Corte Laser,Listo,2.1799999999999997,2.1799999999999997,2,7.382829999999999,148.0,2120.0,1.4301-30,A-304 ESM180,3.0,1.0899999999999999,313760.0,14.324324324324325,4536.0,1.0899999999999999,313760.0,4536.0,2120.0,148.0,7.382829999999999
MA007647,05976B OP-19496_Posicion 5,,S355-JR-5,Corte Laser,Listo,0.5099999999999999,1.0411,1,2.0718099999999997,260.0,260.0,St37-50,S355-JR,5.0,1.0411,67600.0,1.0,1040.0,0.5099999999999999,67600.0,1040.0,260.0,260.0,2.0718099999999997
MA007648,05974B - OP 19496_Posicion 11,,DD11 DEC.-3,Corte Laser,Listo,0.37,1.5424,1,0.8743599999999999,180.0,270.0,St37-30,DD11 DEC.,3.0,1.5424,48600.0,1.5,900.0,0.37,48600.0,900.0,270.0,180.0,0.8743599999999999
MA007650,08063 OP-19496 laser_Posicion 4 SOLO COR,,A-304 ESM180-3,Corte Laser,Listo,1.94,1.94,2,4.98949,99.99999,2120.0,1.4301-30,A-304 ESM180,3.0,0.97,211999.97879999998,21.200002120000214,4439.99998,0.97,211999.97879999998,4439.99998,2120.0,99.99999,4.98949
MA007651,123401H0 - 07687 - SATINADO - LASER_Posi,,A-304 ESM180-2,Corte Laser,Listo,0.26999999999999996,0.26999999999999996,1,0.33879,245.0,245.0,1.4301-20,A-304 ESM180,2.0,0.26999999999999996,60025.0,1.0,980.0,0.26999999999999996,60025.0,980.0,245.0,245.0,0.33879
MA007652,05974B - OP 19496_Posicion 3,,DD11 DEC.-3,Corte Laser,Listo,2.17,3.3177,1,48.85762999999999,2060.0,1020.0,St37-30,DD11 DEC.,3.0,3.3177,2101200.0,2.019607843137255,6160.0,2.17,2101200.0,6160.0,2060.0,1020.0,48.85762999999999
MA007654,05974B - OP 19496_Posicion 1,,DD11 DEC.-6,Corte Laser,Listo,3.3699999999999997,3.8989999999999996,1,31.349269999999997,1020.0,1160.0,St37-60,DD11 DEC.,6.0,3.8989999999999996,1183200.0,1.1372549019607843,4360.0,3.3699999999999997,1183200.0,4360.0,1160.0,1020.0,31.349269999999997
MA007655,05974B - OP 19496_Posicion 10,,DD11 DEC.-3,Corte Laser,Listo,0.39999999999999997,1.6675,2,0.38643999999999995,130.0,130.0,St37-30,DD11 DEC.,3.0,0.83375,16900.0,1.0,520.0,0.19999999999999998,16900.0,520.0,130.0,130.0,0.38643999999999995
MA007659,123401F0 - 06830 - SATINADO - LASER-SOLO,,A-304 ESM180-3,Corte Laser,Listo,1.0199999999999998,1.0199999999999998,2,2.78122,148.0,800.0,1.4301-30,A-304 ESM180,3.0,0.5099999999999999,118400.0,5.405405405405405,1896.0,0.5099999999999999,118400.0,1896.0,800.0,148.0,2.78122
MA007662,05976B OP-19496_Posicion 4,,S355-JR-5,Corte Laser,Listo,0.7499999999999999,1.5311,1,0.8387399999999999,260.0,260.0,St37-50,S355-JR,5.0,1.5311,67600.0,1.0,1040.0,0.7499999999999999,67600.0,1040.0,260.0,260.0,0.8387399999999999
MA007663,El Cachirulo laser_2,,DD11 DEC.-6,Corte Laser,Listo,3.76,4.3412,4,6.97645,300.00019999999995,500.0,St37-60,DD11 DEC.,6.0,1.0853,150000.09999999998,1.6666655555562966,1600.0004,0.94,150000.09999999998,1600.0004,500.0,300.00019999999995,6.97645
MA007664,El Cachirulo laser_1,,DD11 DEC.-6,Corte Laser,Listo,7.52,8.6825,4,30.406899999999997,1297.995,500.0,St37-60,DD11 DEC.,6.0,2.170625,648997.5,2.5959899999999996,3595.99,1.88,648997.5,3595.99,1297.995,500.0,30.406899999999997
MA007665,Chapa protecciones,Chapa,S235-JR-10,Corte Laser,Listo,9.12,15.851799999999999,8,3.0904499999999997,200.0,250.0,St37-100,S235-JR,10.0,1.9814749999999999,50000.0,1.25,900.0,1.14,50000.0,900.0,250.0,200.0,3.0904499999999997
MA007668,Silencioso  63mm-129mm,,A-304 2B-2,Corte Laser,Listo,0.72,1.5139999999999998,12,0.15485,129.0,129.0,1.4301-20,A-304 2B,2.0,0.12616666666666665,16641.0,1.0,516.0,0.06,16641.0,516.0,129.0,129.0,0.15485
MA007669,Silencioso  76mm-129mm,,A-304 2B-2,Corte Laser,Listo,0.5599999999999999,1.1775,8,0.13396999999999998,129.0,129.0,1.4301-20,A-304 2B,2.0,0.1471875,16641.0,1.0,516.0,0.06999999999999999,16641.0,516.0,129.0,129.0,0.13396999999999998
MA007672,Oval. 220 x 150 mm,,A-304 2B-2,Corte Laser,Listo,0.36,0.7569999999999999,6,0.4069,150.0,220.0,1.4301-20,A-304 2B,2.0,0.12616666666666665,33000.0,1.4666666666666666,740.0,0.06,33000.0,740.0,220.0,150.0,0.4069
MA007675,Silencioso  54mm-129mm,,A-304 2B-2,Corte Laser,Listo,0.5399999999999999,1.1355,9,0.16923999999999997,129.0,129.0,1.4301-20,A-304 2B,2.0,0.12616666666666665,16641.0,1.0,516.0,0.05999999999999999,16641.0,516.0,129.0,129.0,0.16923999999999997
MA007676,Arandela Union Mod.01 - 55 mm-6mm,Arandela,A-304 LC-6,Corte Laser,Listo,2.6399999999999997,2.6399999999999997,8,0.12896,75.0,107.0,1.4301-60,A-304 LC,6.0,0.32999999999999996,8025.0,1.4266666666666667,364.0,0.32999999999999996,8025.0,364.0,107.0,75.0,0.12896
MA007677,Oval.doble.valvula 220 x 150 x 51.4 mm,,A-304 2B-2,Corte Laser,Listo,0.15999999999999998,0.3364,2,0.37432,150.0,220.0,1.4301-20,A-304 2B,2.0,0.1682,33000.0,1.4666666666666666,740.0,0.07999999999999999,33000.0,740.0,220.0,150.0,0.37432
MA007679,"Arandela Union Mod.01 - 60,5 mm-6mm",Arandela,A-304 LC-6,Corte Laser,Listo,3.6999999999999997,3.6999999999999997,10,0.18721,86.42867,128.45801999999998,1.4301-60,A-304 LC,6.0,0.37,11102.455819433397,1.4862894453888968,429.77338,0.37,11102.455819433397,429.77338,128.45801999999998,86.42867,0.18721
MA007680,Hierros Gondola 8259-07-10_2,,DD11 DEC.-4,Corte Laser,Listo,5.3999999999999995,6.4495,60,0.06931,30.0,75.0,St37-40,DD11 DEC.,4.0,0.10749166666666667,2250.0,2.5,210.0,0.09,2250.0,210.0,75.0,30.0,0.06931
MA007681,Hierros Gondola 8259-07-10_1,,DD11 DEC.-4,Corte Laser,Listo,1.95,2.3320999999999996,5,0.9489099999999999,90.0,338.0,St37-40,DD11 DEC.,4.0,0.46641999999999995,30420.0,3.7555555555555555,856.0,0.39,30420.0,856.0,338.0,90.0,0.9489099999999999
MA007682,Chapas plegadas urgentes,Chapa,DD11 DEC.-1.8,Corte Laser,Listo,7.279999999999999,11.6077,26,4.05868,287.38921999999997,1000.0,St37-18,DD11 DEC.,1.8,0.44644999999999996,287389.22,3.479601635718974,2574.77844,0.27999999999999997,287389.22,2574.77844,1000.0,287.38921999999997,4.05868
MA007682,Chapas plegadas urgentes,Chapa,DD11 DEC.-1.8,Plegado,Listo,13.0,35.1635,26,4.05868,287.38921999999997,1000.0,St37-18,DD11 DEC.,1.8,1.3524423076923076,287389.22,3.479601635718974,2574.77844,0.5,287389.22,2574.77844,1000.0,287.38921999999997,4.05868
MA007683,Placa molde Tecnospra,Placa,S355-JR-20,Corte Laser,Listo,6.579999999999999,7.4924,1,50.157329999999995,600.0,600.0,St37-200,S355-JR,20.0,7.4924,360000.0,1.0,2400.0,6.579999999999999,360000.0,2400.0,600.0,600.0,50.157329999999995
MA007684,Pisador 10 a 15 x302x50,,S355-JR-15,Corte Laser,Listo,0.7799999999999999,0.0026,1,1.77803,50.0,302.0,St37-150,S355-JR,15.0,0.0026,15100.0,6.04,704.0,0.7799999999999999,15100.0,704.0,302.0,50.0,1.77803
MA007685,(DP2) -76MM-6mm -  Ford Focus ST MK2 2.5,,A-304 LC-6,Corte Laser,Listo,3.8,3.8,10,0.13351,90.60839999999999,125.0,1.4301-60,A-304 LC,6.0,0.38,11326.05,1.379563042720101,431.2168,0.38,11326.05,431.2168,125.0,90.60839999999999,0.13351
MA007686,Calce Confident,,GALVA-3,Corte Laser,Listo,0.48,0.48,2,0.50132,44.0,493.70795999999996,GALVA-30,GALVA,3.0,0.24,21723.15024,11.220635454545453,1075.41592,0.24,21723.15024,1075.41592,493.70795999999996,44.0,0.50132
MA007686,Calce Confident,,GALVA-3,Plegado,Listo,1.0,1.0,2,0.50132,44.0,493.70795999999996,GALVA-30,GALVA,3.0,0.5,21723.15024,11.220635454545453,1075.41592,0.5,21723.15024,1075.41592,493.70795999999996,44.0,0.50132
MA-250-001,Envolvente exterior dcha 4 mm,,DD11 DEC.-4,Corte Laser,Listo,64.32,78.12289999999999,16,91.34567,1462.25218,2310.28876,St37-40,DD11 DEC.,4.0,4.882681249999999,3378224.7757394966,1.5799523444717996,7545.08188,4.02,3378224.7757394966,7545.08188,2310.28876,1462.25218,91.34567
MA-250-001,Envolvente exterior dcha 4 mm,,DD11 DEC.-4,Plegado,Listo,8.0,203.4159,16,91.34567,1462.25218,2310.28876,St37-40,DD11 DEC.,4.0,12.71349375,3378224.7757394966,1.5799523444717996,7545.08188,0.5,3378224.7757394966,7545.08188,2310.28876,1462.25218,91.34567
MA-250-002,Envolvente exterior izda 4 mm,,DD11 DEC.-4,Corte Laser,Listo,87.03999999999999,101.4576,16,91.00773,1449.08477,2311.048,St37-40,DD11 DEC.,4.0,6.3411,3348904.4595389594,1.5948328543953987,7520.265539999999,5.4399999999999995,3348904.4595389594,7520.265539999999,2311.048,1449.08477,91.00773
MA-250-002,Envolvente exterior izda 4 mm,,DD11 DEC.-4,Plegado,Listo,8.0,198.93259999999998,16,91.00773,1449.08477,2311.048,St37-40,DD11 DEC.,4.0,12.433287499999999,3348904.4595389594,1.5948328543953987,7520.265539999999,0.5,3348904.4595389594,7520.265539999999,2311.048,1449.08477,91.00773
MA-250-005,"Chapa lateral l relleno c,dcho",Chapa,DD11 DEC.-4,Corte Laser,Listo,23.04,27.9625,16,16.63645,1047.39206,756.5951699999999,St37-40,DD11 DEC.,4.0,1.74765625,792451.77369235,1.3843493872687556,3607.9744599999995,1.44,792451.77369235,3607.9744599999995,1047.39206,756.5951699999999,16.63645
MA-250-006,Tapa llenado 450x400x4 mm,Tapa,DD11 DEC.-4,Corte Laser,Listo,16.639999999999997,20.209999999999997,32,5.334569999999999,448.0,398.0,St37-40,DD11 DEC.,4.0,0.6315624999999999,178304.0,1.1256281407035176,1692.0,0.5199999999999999,178304.0,1692.0,448.0,398.0,5.334569999999999
MA-250-007,Tope tapa llenado 60x30x4 mm,Tapa,DD11 DEC.-4,Corte Laser,Listo,15.36,18.6556,128,0.056519999999999994,60.0,30.0,St37-40,DD11 DEC.,4.0,0.145746875,1800.0,2.0,180.0,0.12,1800.0,180.0,60.0,30.0,0.056519999999999994
MA-250-008,Chapa lateral dch 4 mm,Chapa,DD11 DEC.-4,Corte Laser,Listo,20.319999999999997,24.6619,16,22.436089999999997,1065.70527,739.85754,St37-40,DD11 DEC.,4.0,1.54136875,788470.0794272358,1.4404195569866058,3611.12562,1.2699999999999998,788470.0794272358,3611.12562,1065.70527,739.85754,22.436089999999997
MA-250-011,Refuerzo casquillo 160x160x8 mm,Refuerzo,S235-JR-8,Corte Laser,Listo,59.519999999999996,89.59049999999999,96,1.3075999999999999,160.0,160.0,St37-80,S235-JR,8.0,0.933234375,25600.0,1.0,640.0,0.62,25600.0,640.0,160.0,160.0,1.3075999999999999
MA-250-012,Refuerzo casquillo inf 1071x135x8 mm,Refuerzo,S235-JR-8,Corte Laser,Listo,55.36,70.9905,32,8.448009999999998,165.0,1068.99525,St37-80,S235-JR,8.0,2.218453125,176384.21625,6.47875909090909,2467.9905,1.73,176384.21625,2467.9905,1068.99525,165.0,8.448009999999998
MA-250-013,Refuerzo 660x80x8 mm,Refuerzo,S235-JR-8,Corte Laser,Listo,26.88,37.845699999999994,32,2.9525599999999996,79.5,660.8399999999999,St37-80,S235-JR,8.0,1.1826781249999998,52536.77999999999,8.312452830188679,1480.6799999999998,0.84,52536.77999999999,1480.6799999999998,660.8399999999999,79.5,2.9525599999999996
MA-250-014,Refuerzo 704x72x8 mm,Refuerzo,S235-JR-8,Corte Laser,Listo,27.84,39.427899999999994,32,3.15054,79.5,704.38,St37-80,S235-JR,8.0,1.2321218749999998,55998.21,8.860125786163522,1567.76,0.87,55998.21,1567.76,704.38,79.5,3.15054
MA-250-016,Refuerzo casquillo sup 1148x161x8 mm,Refuerzo,S235-JR-8,Corte Laser,Listo,59.519999999999996,76.3252,32,10.72429,170.0,1148.5,St37-80,S235-JR,8.0,2.3851625,195245.0,6.7558823529411764,2637.0,1.8599999999999999,195245.0,2637.0,1148.5,170.0,10.72429
MA-250-017,Refuerzos ganchos 1447x40x8 mm,Refuerzo,S235-JR-8,Corte Laser,Listo,53.76,68.9387,32,3.69197,40.0,1469.73453,St37-80,S235-JR,8.0,2.154334375,58789.381199999996,36.74336325,3019.46906,1.68,58789.381199999996,3019.46906,1469.73453,40.0,3.69197
MA-250-017,Refuerzos ganchos 1447x40x8 mm,Refuerzo,S235-JR-8,Plegado,Listo,16.0,16.0,32,3.69197,40.0,1469.73453,St37-80,S235-JR,8.0,0.5,58789.381199999996,36.74336325,3019.46906,0.5,58789.381199999996,3019.46906,1469.73453,40.0,3.69197
MA-250-020,Refuerzo casquillo 160x93x8 mm,Refuerzo,S235-JR-8,Corte Laser,Listo,51.199999999999996,65.65599999999999,128,0.8537699999999999,122.0,160.0,St37-80,S235-JR,8.0,0.5129374999999999,19520.0,1.3114754098360655,564.0,0.39999999999999997,19520.0,564.0,160.0,122.0,0.8537699999999999
MA-250-021,"Tapa trasera c,dcho 4 mm",Tapa,DD11 DEC.-4,Corte Laser,Listo,27.68,33.619,16,38.09019,1053.1717899999999,1249.8741499999999,St37-40,DD11 DEC.,4.0,2.1011875,1316332.1958302283,1.1867713908288409,4606.09188,1.73,1316332.1958302283,4606.09188,1249.8741499999999,1053.1717899999999,38.09019
MA-250-022,Refuerzo 711x100x8 mm,Refuerzo,S235-JR-8,Corte Laser,Listo,29.119999999999997,40.9773,32,4.42862,711.0,100.0,St37-80,S235-JR,8.0,1.280540625,71100.0,7.11,1622.0,0.9099999999999999,71100.0,1622.0,711.0,100.0,4.42862
MA-250-023,Refuerzo 100x44x8 mm,Refuerzo,S235-JR-8,Corte Laser,Listo,26.88,34.46939999999999,96,0.27631999999999995,44.0,100.0,St37-80,S235-JR,8.0,0.3590562499999999,4400.0,2.272727272727273,288.0,0.27999999999999997,4400.0,288.0,100.0,44.0,0.27631999999999995
MA-250-025,Pieza adiciona exterior 4 mm,,DD11 DEC.-4,Corte Laser,Listo,12.319999999999999,14.963399999999998,16,5.8663099999999995,287.56798,934.4321699999999,St37-40,DD11 DEC.,4.0,0.9352124999999999,268712.77157391654,3.2494305172641265,2444.0002999999997,0.7699999999999999,268712.77157391654,2444.0002999999997,934.4321699999999,287.56798,5.8663099999999995
MA-250-025,Pieza adiciona exterior 4 mm,,DD11 DEC.-4,Plegado,Listo,8.0,8.0,16,5.8663099999999995,287.56798,934.4321699999999,St37-40,DD11 DEC.,4.0,0.5,268712.77157391654,3.2494305172641265,2444.0002999999997,0.5,268712.77157391654,2444.0002999999997,934.4321699999999,287.56798,5.8663099999999995
MA-250-026,Chapa lateral izda 4 mm,Chapa,DD11 DEC.-4,Corte Laser,Listo,20.319999999999997,24.6619,16,22.436089999999997,1065.70527,739.85754,St37-40,DD11 DEC.,4.0,1.54136875,788470.0794272358,1.4404195569866058,3611.12562,1.2699999999999998,788470.0794272358,3611.12562,1065.70527,739.85754,22.436089999999997
MA-250-031,"Chapa lateral l relleno c,izdo 4 mm",Chapa,DD11 DEC.-4,Corte Laser,Listo,23.04,27.9625,16,16.63645,1047.39206,756.5951699999999,St37-40,DD11 DEC.,4.0,1.74765625,792451.77369235,1.3843493872687556,3607.9744599999995,1.44,792451.77369235,3607.9744599999995,1047.39206,756.5951699999999,16.63645
MA-250-032,"Tapa trasera c, izdo 4 mm",Tapa,DD11 DEC.-4,Corte Laser,Listo,28.0,34.00749999999999,16,38.09019,1053.1717899999999,1249.8741499999999,St37-40,DD11 DEC.,4.0,2.1254687499999996,1316332.1958302283,1.1867713908288409,4606.09188,1.75,1316332.1958302283,4606.09188,1249.8741499999999,1053.1717899999999,38.09019
P210812130477,CHAPA PARA GANCHO AT00019886,Chapa,DD11 DEC.-1.8,Corte Laser,Listo,8.399999999999999,10.701199999999998,121,0.05919,50.0,100.0,St37-18,DD11 DEC.,1.8,0.0884396694214876,5000.0,2.0,300.0,0.06942148760330577,5000.0,300.0,100.0,50.0,0.05919
P210812130477,CHAPA PARA GANCHO AT00019886,Chapa,DD11 DEC.-1.8,Plegado,Listo,60.0,72.92979999999999,120,0.05919,50.0,100.0,St37-18,DD11 DEC.,1.8,0.6077483333333332,5000.0,2.0,300.0,0.5,5000.0,300.0,100.0,50.0,0.05919
Q060B42X0047A,INSERT GAS REAR HOOD-210730,,S235-JR-8,Corte Laser,Listo,1.3599999999999999,1.7261,2,0.05125,16.0,55.0,St37-80,S235-JR,8.0,0.86305,880.0,3.4375,142.0,0.6799999999999999,880.0,142.0,55.0,16.0,0.05125
Q060B42X0051B,INSERT RUBBER REAR HOOD,,S235-JR-8,Corte Laser,Listo,1.64,2.0814,2,0.14051999999999998,40.0,77.0,St37-80,S235-JR,8.0,1.0407,3080.0,1.925,234.0,0.82,3080.0,234.0,77.0,40.0,0.14051999999999998
TCHMLED5X2,CF_CJTO 5X2_02,,DD11 DEC.-1.4,Corte Laser,Listo,3.5999999999999996,7.973299999999999,10,1.81216,382.0,432.0,St37-14,DD11 DEC.,1.4,0.7973299999999999,165024.0,1.130890052356021,1628.0,0.36,165024.0,1628.0,432.0,382.0,1.81216
TCHMLEDIN3X3,3x3_02-TAPA TRASERA PARA CABINET 3X3,Tapa,DD11 DEC.-1.4,Corte Laser,Listo,2.7499999999999996,6.090699999999999,5,3.0338299999999996,573.0,482.0,St37-14,DD11 DEC.,1.4,1.2181399999999998,276186.0,1.1887966804979253,2110.0,0.5499999999999999,276186.0,2110.0,573.0,482.0,3.0338299999999996
TCHMLEDLCOX3,3X3_03_2-TAPA LATERAL CONEXIONES CABINET X3,Tapa,DD11 DEC.-1.4,Corte Laser,Listo,1.5499999999999998,3.433,5,0.49217,78.0,575.0,St37-14,DD11 DEC.,1.4,0.6866,44850.0,7.371794871794871,1306.0,0.30999999999999994,44850.0,1306.0,575.0,78.0,0.49217
TCHMLEDLCX2,LED4X2_04-TAPA LATERAL CIEGA PARA CABINE,Tapa,DD11 DEC.-1.4,Corte Laser,Listo,4.0,2.2148,20,0.32843999999999995,384.0,78.0,St37-14,DD11 DEC.,1.4,0.11073999999999999,29952.0,4.923076923076923,924.0,0.2,29952.0,924.0,384.0,78.0,0.32843999999999995
TCHMLEDLCX3,CJTO_ER_4X3_01.4-TAPA LATERAL CIEGA X3,Tapa,DD11 DEC.-1.4,Corte Laser,Listo,1.9,4.2081,5,0.49228999999999995,78.0,576.0,St37-14,DD11 DEC.,1.4,0.84162,44928.0,7.384615384615385,1308.0,0.38,44928.0,1308.0,576.0,78.0,0.49228999999999995
TCHMLEDSI5X2,CF_CJTO 5X2_03,,DD11 DEC.-1.4,Corte Laser,Listo,7.199999999999999,15.9467,10,0.7675299999999999,78.0,958.0,St37-14,DD11 DEC.,1.4,1.59467,74724.0,12.282051282051283,2072.0,0.72,74724.0,2072.0,958.0,78.0,0.7675299999999999
TCHP3CHAF3X5F1F,CL_CHAFLAN 02_3x5 ancha,,DD11 DEC.-1.4,Corte Laser,Listo,5.3999999999999995,11.959999999999999,10,3.16192,304.96446999999995,958.0,St37-14,DD11 DEC.,1.4,1.196,292155.96225999994,3.1413495480309566,2525.92894,0.5399999999999999,292155.96225999994,2525.92894,958.0,304.96446999999995,3.16192
TCHP3CHAF3X5F1L,CL_CHAFLAN 02_3x5 estrecha,,DD11 DEC.-1.4,Corte Laser,Listo,4.6,10.188099999999999,10,0.8821599999999999,84.0,958.0,St37-14,DD11 DEC.,1.4,1.0188099999999998,80472.0,11.404761904761905,2084.0,0.45999999999999996,80472.0,2084.0,958.0,84.0,0.8821599999999999
TCHP3CHAFL3X5F1,CL_CHAFLAN_05_3X5,,DD11 DEC.-1.4,Corte Laser,Listo,4.1,9.080699999999998,10,0.8201099999999999,78.0,958.0,St37-14,DD11 DEC.,1.4,0.9080699999999998,74724.0,12.282051282051283,2072.0,0.41,74724.0,2072.0,958.0,78.0,0.8201099999999999
TCHP3CHAFLI3X5F1,CL_CHAFLAN_04_3X5,,DD11 DEC.-1.4,Corte Laser,Listo,2.6999999999999997,5.9799999999999995,10,0.6825199999999999,108.5,573.0,St37-14,DD11 DEC.,1.4,0.598,62170.5,5.28110599078341,1363.0,0.26999999999999996,62170.5,1363.0,573.0,108.5,0.6825199999999999
TCHP3CHAFSI3X5F1,CL_CHAFLAN 06_3X5-TAPA SUPERIOR-INFERIOR CABINET,Tapa,DD11 DEC.-1.4,Corte Laser,Listo,8.1,9.9667,18,0.40363,137.74441,521.1199999999999,St37-14,DD11 DEC.,1.4,0.5537055555555556,71781.36693919997,3.7832388261708765,1317.7288199999998,0.44999999999999996,71781.36693919997,1317.7288199999998,521.1199999999999,137.74441,0.40363
TCHP3FCORP1,CJTO_ER_02.2-TAPA TRASERA DE CABINET 1X2,Tapa,DD11 DEC.-1.4,Corte Laser,Listo,1.2,1.2,6,0.30152999999999996,72.0,382.0,St37-14,DD11 DEC.,1.4,0.19999999999999998,27504.0,5.305555555555555,908.0,0.19999999999999998,27504.0,908.0,382.0,72.0,0.30152999999999996
Travesaño 780,Travesaño 780 mitad a cada mano,,DD11 DEC.-1.8,Corte Laser,Listo,8.579999999999998,13.3667,66,0.5902299999999999,54.0,780.0,St37-18,DD11 DEC.,1.8,0.20252575757575758,42120.0,14.444444444444445,1668.0,0.12999999999999998,42120.0,1668.0,780.0,54.0,0.5902299999999999
